symbol,entry_date,entry_price,exit_date,exit_price,exit_reason,market_level_at_entry,score_trd,score_vty,score_vol,score_mom,score_total,success,days_in_trade,pct_return,source
1INCH-USD,2021-01-06,1.5134470462799072,2021-01-06,1.5134470462799072,TIME,5.0,11.2,4.0,2.5,0.0,17.7,0,0.0,0.0,static_build_v18@bfe85ac
1INCH-USD,2021-01-13,1.2723029851913452,2021-01-13,1.300176024436951,TIME,5.0,11.2,13.0,6.5,1.0,31.7,0,0.0,0.0219075484141961,static_build_v18@bfe85ac
1INCH-USD,2021-01-14,1.3348170518875122,2021-01-14,1.3348170518875122,TIME,5.0,11.2,13.0,6.5,1.0,31.7,0,0.0,0.0,static_build_v18@bfe85ac
1INCH-USD,2021-01-15,1.349639058113098,2021-01-15,1.349639058113098,TIME,5.0,11.2,13.0,6.5,1.0,31.7,0,0.0,0.0,static_build_v18@bfe85ac
1INCH-USD,2021-01-16,1.646293044090271,2021-01-16,1.646293044090271,TIME,5.0,11.2,13.0,8.25,3.0,35.45,0,0.0,0.0,static_build_v18@bfe85ac
1INCH-USD,2021-01-17,2.0292270183563232,2021-01-17,2.0292270183563232,TIME,5.0,11.2,13.0,10.0,4.0,38.2,0,0.0,0.0,static_build_v18@bfe85ac
1INCH-USD,2021-01-18,1.8777010440826416,2021-01-18,1.8777010440826416,TIME,5.0,11.2,13.0,6.5,2.0,32.7,0,0.0,0.0,static_build_v18@bfe85ac
1INCH-USD,2021-01-19,1.9157270193099976,2021-01-19,1.9157270193099976,TIME,5.0,11.2,13.0,6.5,6.0,36.7,0,0.0,0.0,static_build_v18@bfe85ac
1INCH-USD,2021-01-20,1.855687975883484,2021-01-20,1.855687975883484,TIME,5.0,11.2,13.0,6.5,5.0,35.7,0,0.0,0.0,static_build_v18@bfe85ac
1INCH-USD,2021-01-21,1.5666409730911257,2021-01-21,1.5666409730911257,TIME,5.0,0.0,13.0,6.5,4.0,23.5,0,0.0,0.0,static_build_v18@bfe85ac
1INCH-USD,2021-01-22,1.7674440145492554,2021-01-22,1.7674440145492554,TIME,5.0,11.2,10.5,6.5,5.0,33.2,0,0.0,0.0,static_build_v18@bfe85ac
1INCH-USD,2021-01-23,1.9319690465927124,2021-01-23,1.9319690465927124,TIME,5.0,11.2,10.5,6.5,6.0,34.2,0,0.0,0.0,static_build_v18@bfe85ac
1INCH-USD,2021-01-24,2.476353883743286,2021-01-24,2.476353883743286,TIME,5.0,11.2,10.5,10.0,7.0,38.7,0,0.0,0.0,static_build_v18@bfe85ac
1INCH-USD,2021-01-25,2.365931987762451,2021-01-25,2.365931987762451,TIME,5.0,11.2,10.5,10.0,6.0,37.7,0,0.0,0.0,static_build_v18@bfe85ac
1INCH-USD,2021-01-26,2.6732749938964844,2021-01-26,2.6732749938964844,TIME,5.0,11.2,10.5,8.25,7.0,36.95,0,0.0,0.0,static_build_v18@bfe85ac
1INCH-USD,2021-01-27,2.5197548866271973,2021-01-27,2.5197548866271973,TIME,5.0,11.2,10.5,8.25,9.0,38.95,0,0.0,0.0,static_build_v18@bfe85ac
1INCH-USD,2021-01-28,3.123692035675049,2021-01-28,3.123692035675049,TIME,5.0,11.2,10.5,10.0,9.0,40.7,0,0.0,0.0,static_build_v18@bfe85ac
1INCH-USD,2021-01-29,3.361844062805176,2021-01-29,3.361844062805176,TIME,5.0,11.2,10.5,10.0,9.0,40.7,0,0.0,0.0,static_build_v18@bfe85ac
1INCH-USD,2021-01-30,4.597844123840332,2021-01-30,4.597844123840332,TIME,5.0,17.799999999999997,13.0,10.0,9.0,49.8,0,0.0,0.0,static_build_v18@bfe85ac
1INCH-USD,2021-01-31,4.949037075042725,2021-01-31,4.949037075042725,TIME,5.0,17.799999999999997,15.0,10.0,9.0,51.8,0,0.0,0.0,static_build_v18@bfe85ac
1INCH-USD,2021-02-01,5.016388893127441,2021-02-01,5.016388893127441,TIME,5.0,17.799999999999997,15.0,10.0,9.0,51.8,0,0.0,0.0,static_build_v18@bfe85ac
1INCH-USD,2021-02-02,4.676736831665039,2021-02-02,4.676736831665039,TIME,5.0,17.799999999999997,15.0,6.5,8.0,47.3,0,0.0,0.0,static_build_v18@bfe85ac
1INCH-USD,2021-02-03,5.0261969566345215,2021-02-03,5.0261969566345215,TIME,5.0,17.799999999999997,15.0,6.5,9.0,48.3,0,0.0,0.0,static_build_v18@bfe85ac
1INCH-USD,2021-02-04,5.577712059020996,2021-02-04,5.577712059020996,TIME,5.0,24.4,15.0,8.25,9.0,56.65,0,0.0,0.0,static_build_v18@bfe85ac
1INCH-USD,2021-02-05,5.8307271003723145,2021-02-05,5.8307271003723145,TIME,5.0,24.4,15.0,6.5,9.0,54.9,0,0.0,0.0,static_build_v18@bfe85ac
1INCH-USD,2021-02-06,5.248995780944824,2021-02-06,5.248995780944824,TIME,5.0,24.4,17.0,6.5,8.0,55.9,0,0.0,0.0,static_build_v18@bfe85ac
1INCH-USD,2021-02-07,4.960763931274414,2021-02-07,4.960763931274414,TIME,5.0,24.4,15.0,6.5,8.0,53.9,0,0.0,0.0,static_build_v18@bfe85ac
1INCH-USD,2021-02-08,5.344851970672607,2021-02-08,5.344851970672607,TIME,5.0,24.4,15.0,6.5,8.0,53.9,0,0.0,0.0,static_build_v18@bfe85ac
1INCH-USD,2021-02-09,5.10382890701294,2021-02-09,5.10382890701294,TIME,5.0,24.4,15.0,6.5,8.0,53.9,0,0.0,0.0,static_build_v18@bfe85ac
1INCH-USD,2021-02-10,4.900903224945068,2021-02-10,4.900903224945068,TIME,5.0,24.4,15.0,6.5,8.0,53.9,0,0.0,0.0,static_build_v18@bfe85ac
1INCH-USD,2021-02-11,5.644123077392578,2021-02-11,5.644123077392578,TIME,5.0,24.4,15.0,6.5,9.0,54.9,0,0.0,0.0,static_build_v18@bfe85ac
1INCH-USD,2021-02-12,5.285911083221436,2021-02-12,5.285911083221436,TIME,5.0,24.4,15.0,6.5,6.0,51.9,0,0.0,0.0,static_build_v18@bfe85ac
1INCH-USD,2021-02-13,5.709677219390869,2021-02-13,5.709677219390869,TIME,5.0,34.3,15.0,6.5,6.0,61.8,0,0.0,0.0,static_build_v18@bfe85ac
1INCH-USD,2021-02-14,5.287905216217041,2021-02-14,5.287905216217041,TIME,5.0,34.3,15.0,6.5,6.0,61.8,0,0.0,0.0,static_build_v18@bfe85ac
1INCH-USD,2021-02-15,4.949254035949707,2021-02-15,4.949254035949707,TIME,5.0,16.5,13.0,6.5,5.0,41.0,0,0.0,0.0,static_build_v18@bfe85ac
1INCH-USD,2021-02-20,5.175158977508545,2021-02-20,5.175158977508545,TIME,5.0,27.700000000000003,10.5,10.75,5.0,53.95,0,0.0,0.0,static_build_v18@bfe85ac
1INCH-USD,2021-02-21,5.06552791595459,2021-02-21,5.06552791595459,TIME,5.0,27.700000000000003,10.5,6.5,5.0,49.7,0,0.0,0.0,static_build_v18@bfe85ac
1INCH-USD,2021-02-26,4.497285842895508,2021-02-26,4.497285842895508,TIME,5.0,21.1,10.5,10.0,5.0,46.6,0,0.0,0.0,static_build_v18@bfe85ac
1INCH-USD,2021-03-16,4.542090892791748,2021-03-16,4.542090892791748,TIME,5.0,21.1,8.0,6.5,5.0,40.6,0,0.0,0.0,static_build_v18@bfe85ac
1INCH-USD,2021-03-17,4.987410068511963,2021-03-17,4.987410068511963,TIME,5.0,21.1,8.0,6.5,9.0,44.6,0,0.0,0.0,static_build_v18@bfe85ac
1INCH-USD,2021-03-18,4.582935810089111,2021-03-18,4.582935810089111,TIME,5.0,21.1,8.0,6.5,7.0,42.6,0,0.0,0.0,static_build_v18@bfe85ac
1INCH-USD,2021-03-19,4.915463924407959,2021-03-19,4.915463924407959,TIME,5.0,21.1,8.0,6.5,7.0,42.6,0,0.0,0.0,static_build_v18@bfe85ac
1INCH-USD,2021-03-20,4.743109226226807,2021-03-20,4.743109226226807,TIME,5.0,21.1,8.0,6.5,7.0,42.6,0,0.0,0.0,static_build_v18@bfe85ac
1INCH-USD,2021-03-21,4.673628807067871,2021-03-21,4.673628807067871,TIME,5.0,21.1,8.0,6.5,7.0,42.6,0,0.0,0.0,static_build_v18@bfe85ac
1INCH-USD,2021-03-30,4.506227016448975,2021-03-30,4.506227016448975,TIME,5.0,21.1,8.0,6.5,7.0,42.6,0,0.0,0.0,static_build_v18@bfe85ac
1INCH-USD,2021-03-31,4.334773063659668,2021-03-31,4.334773063659668,TIME,5.0,21.1,8.0,6.5,7.0,42.6,0,0.0,0.0,static_build_v18@bfe85ac
1INCH-USD,2021-04-01,4.450286865234375,2021-04-01,4.450286865234375,TIME,5.0,21.1,8.0,6.5,7.0,42.6,0,0.0,0.0,static_build_v18@bfe85ac
1INCH-USD,2021-04-02,4.68897819519043,2021-04-02,4.68897819519043,TIME,5.0,21.1,8.0,6.5,7.0,42.6,0,0.0,0.0,static_build_v18@bfe85ac
1INCH-USD,2021-04-04,4.59641695022583,2021-04-04,4.59641695022583,TIME,5.0,31.6,8.0,6.5,8.0,54.1,0,0.0,0.0,static_build_v18@bfe85ac
1INCH-USD,2021-04-05,5.315637111663818,2021-04-05,5.315637111663818,TIME,5.0,31.6,8.0,12.5,9.0,61.1,0,0.0,0.0,static_build_v18@bfe85ac
1INCH-USD,2021-04-06,5.196361064910889,2021-04-06,5.196361064910889,TIME,5.0,31.6,8.0,10.0,8.0,57.6,0,0.0,0.0,static_build_v18@bfe85ac
1INCH-USD,2021-04-07,5.540772914886475,2021-04-07,5.540772914886475,TIME,5.0,31.6,10.5,10.0,9.0,61.1,0,0.0,0.0,static_build_v18@bfe85ac
1INCH-USD,2021-04-08,6.213879108428955,2021-04-08,6.213879108428955,TIME,5.0,31.6,10.5,10.0,9.0,61.1,0,0.0,0.0,static_build_v18@bfe85ac
1INCH-USD,2021-04-09,6.111101150512695,2021-04-09,6.111101150512695,TIME,5.0,31.6,10.5,10.0,9.0,61.1,0,0.0,0.0,static_build_v18@bfe85ac
1INCH-USD,2021-04-10,5.737141132354736,2021-04-10,5.737141132354736,TIME,5.0,31.6,10.5,6.5,8.0,56.6,0,0.0,0.0,static_build_v18@bfe85ac
1INCH-USD,2021-04-11,5.69161319732666,2021-04-11,5.69161319732666,TIME,5.0,31.6,10.5,6.5,8.0,56.6,0,0.0,0.0,static_build_v18@bfe85ac
1INCH-USD,2021-04-12,5.486588954925537,2021-04-12,5.486588954925537,TIME,5.0,31.6,10.5,6.5,7.0,55.6,0,0.0,0.0,static_build_v18@bfe85ac
1INCH-USD,2021-04-13,5.612846851348877,2021-04-13,5.612846851348877,TIME,5.0,31.6,10.5,6.5,7.0,55.6,0,0.0,0.0,static_build_v18@bfe85ac
1INCH-USD,2021-04-14,5.880931854248047,2021-04-14,5.880931854248047,TIME,5.0,31.6,10.5,6.5,8.0,56.6,0,0.0,0.0,static_build_v18@bfe85ac
1INCH-USD,2021-04-15,6.091805934906006,2021-04-15,6.091805934906006,TIME,5.0,31.6,10.5,6.5,8.0,56.6,0,0.0,0.0,static_build_v18@bfe85ac
1INCH-USD,2021-04-16,5.829189777374268,2021-04-16,5.829189777374268,TIME,5.0,31.6,10.5,6.5,7.0,55.6,0,0.0,0.0,static_build_v18@bfe85ac
1INCH-USD,2021-04-17,6.523641109466553,2021-04-17,6.523641109466553,TIME,5.0,31.6,10.5,6.5,9.0,57.6,0,0.0,0.0,static_build_v18@bfe85ac
1INCH-USD,2021-04-18,5.280985832214356,2021-04-18,5.280985832214356,TIME,5.0,20.4,13.0,8.25,7.0,48.65,0,0.0,0.0,static_build_v18@bfe85ac
1INCH-USD,2021-04-27,5.133953094482422,2021-04-27,5.133953094482422,TIME,5.0,31.6,10.5,6.5,2.0,50.6,0,0.0,0.0,static_build_v18@bfe85ac
1INCH-USD,2021-04-28,5.55059289932251,2021-04-28,5.55059289932251,TIME,5.0,31.6,10.5,8.25,2.0,52.35,0,0.0,0.0,static_build_v18@bfe85ac
1INCH-USD,2021-04-29,5.47376823425293,2021-04-29,5.47376823425293,TIME,5.0,31.6,10.5,6.5,2.0,50.6,0,0.0,0.0,static_build_v18@bfe85ac
1INCH-USD,2021-04-30,5.660096168518066,2021-04-30,5.660096168518066,TIME,5.0,31.6,10.5,6.5,7.0,55.6,0,0.0,0.0,static_build_v18@bfe85ac
1INCH-USD,2021-05-01,5.518240928649902,2021-05-01,5.518240928649902,TIME,5.0,31.6,8.0,6.5,7.0,53.1,0,0.0,0.0,static_build_v18@bfe85ac
1INCH-USD,2021-05-02,5.36204719543457,2021-05-02,5.36204719543457,TIME,5.0,31.6,8.0,6.5,7.0,53.1,0,0.0,0.0,static_build_v18@bfe85ac
1INCH-USD,2021-05-03,5.868137836456299,2021-05-03,5.868137836456299,TIME,5.0,31.6,8.0,6.5,8.0,54.1,0,0.0,0.0,static_build_v18@bfe85ac
1INCH-USD,2021-05-05,5.987308025360107,2021-05-05,5.987308025360107,TIME,5.0,31.6,10.5,6.5,8.0,56.6,0,0.0,0.0,static_build_v18@bfe85ac
1INCH-USD,2021-05-06,6.6007280349731445,2021-05-06,6.6007280349731445,TIME,5.0,31.6,10.5,12.5,8.0,62.6,0,0.0,0.0,static_build_v18@bfe85ac
1INCH-USD,2021-05-07,6.585403919219971,2021-05-07,6.585403919219971,TIME,5.0,31.6,10.5,6.5,8.0,56.6,0,0.0,0.0,static_build_v18@bfe85ac
1INCH-USD,2021-05-08,7.477116107940674,2021-05-08,7.477116107940674,TIME,5.0,31.6,10.5,8.25,9.0,59.35,0,0.0,0.0,static_build_v18@bfe85ac
1INCH-USD,2021-05-09,7.075136184692383,2021-05-09,7.075136184692383,TIME,5.0,31.6,10.5,8.25,8.0,58.35,0,0.0,0.0,static_build_v18@bfe85ac
1INCH-USD,2021-05-11,6.523254871368408,2021-05-11,6.523254871368408,TIME,5.0,31.6,10.5,6.5,7.0,55.6,0,0.0,0.0,static_build_v18@bfe85ac
1INCH-USD,2021-08-06,2.5122790336608887,2021-08-06,2.5122790336608887,TIME,5.0,21.1,8.0,6.5,8.0,43.6,0,0.0,0.0,static_build_v18@bfe85ac
1INCH-USD,2021-08-07,2.698836088180542,2021-08-07,2.698836088180542,TIME,5.0,21.1,8.0,6.5,9.0,44.6,0,0.0,0.0,static_build_v18@bfe85ac
1INCH-USD,2021-08-09,2.763376951217652,2021-08-09,2.763376951217652,TIME,5.0,21.1,8.0,8.25,9.0,46.35,0,0.0,0.0,static_build_v18@bfe85ac
1INCH-USD,2021-08-10,2.795124053955078,2021-08-10,2.795124053955078,TIME,5.0,21.1,8.0,6.5,9.0,44.6,0,0.0,0.0,static_build_v18@bfe85ac
1INCH-USD,2021-08-11,2.938016891479492,2021-08-11,2.938016891479492,TIME,5.0,21.1,10.5,6.5,9.0,47.1,0,0.0,0.0,static_build_v18@bfe85ac
1INCH-USD,2021-08-12,2.812443971633911,2021-08-12,2.812443971633911,TIME,5.0,21.1,10.5,6.5,8.0,46.1,0,0.0,0.0,static_build_v18@bfe85ac
1INCH-USD,2021-08-13,3.070096969604492,2021-08-13,3.070096969604492,TIME,5.0,31.6,10.5,6.5,9.0,57.6,0,0.0,0.0,static_build_v18@bfe85ac
1INCH-USD,2021-08-14,3.058156967163086,2021-08-14,3.058156967163086,TIME,5.0,31.6,10.5,6.5,9.0,57.6,0,0.0,0.0,static_build_v18@bfe85ac
1INCH-USD,2021-08-15,3.0480880737304688,2021-08-15,3.0480880737304688,TIME,5.0,31.6,10.5,6.5,9.0,57.6,0,0.0,0.0,static_build_v18@bfe85ac
1INCH-USD,2021-08-16,3.0463080406188965,2021-08-16,3.0463080406188965,TIME,5.0,38.2,10.5,6.5,8.0,63.2,0,0.0,0.0,static_build_v18@bfe85ac
1INCH-USD,2021-08-17,3.062573909759521,2021-08-17,3.062573909759521,TIME,5.0,38.2,10.5,6.5,8.0,63.2,0,0.0,0.0,static_build_v18@bfe85ac
1INCH-USD,2021-08-18,3.1237449645996094,2021-08-18,3.1237449645996094,TIME,5.0,38.2,10.5,6.5,8.0,63.2,0,0.0,0.0,static_build_v18@bfe85ac
1INCH-USD,2021-08-19,3.4230189323425293,2021-08-19,3.4230189323425293,TIME,5.0,47.4,10.5,6.5,9.0,73.4,0,0.0,0.0,static_build_v18@bfe85ac
1INCH-USD,2021-08-20,3.448394060134888,2021-08-20,3.448394060134888,TIME,5.0,47.4,10.5,6.5,9.0,73.4,0,0.0,0.0,static_build_v18@bfe85ac
1INCH-USD,2021-08-21,3.362304925918579,2021-08-21,3.362304925918579,TIME,5.0,47.4,10.5,6.5,8.0,72.4,0,0.0,0.0,static_build_v18@bfe85ac
1INCH-USD,2021-08-22,3.389451026916504,2021-08-22,3.389451026916504,TIME,5.0,47.4,10.5,6.5,9.0,73.4,0,0.0,0.0,static_build_v18@bfe85ac
1INCH-USD,2021-08-23,3.409373998641968,2021-08-23,3.409373998641968,TIME,5.0,47.4,10.5,6.5,8.0,72.4,0,0.0,0.0,static_build_v18@bfe85ac
1INCH-USD,2021-08-24,3.0705831050872803,2021-08-24,3.0705831050872803,TIME,5.0,27.0,10.5,6.5,7.0,51.0,0,0.0,0.0,static_build_v18@bfe85ac
1INCH-USD,2021-08-25,3.171854019165039,2021-08-25,3.171854019165039,TIME,5.0,27.0,10.5,6.5,5.0,49.0,0,0.0,0.0,static_build_v18@bfe85ac
1INCH-USD,2021-08-26,2.924578905105591,2021-08-26,2.924578905105591,TIME,5.0,16.5,10.5,6.5,3.0,36.5,0,0.0,0.0,static_build_v18@bfe85ac
1INCH-USD,2021-08-27,3.211493015289306,2021-08-27,3.211493015289306,TIME,5.0,38.2,10.5,6.5,5.0,60.2,0,0.0,0.0,static_build_v18@bfe85ac
1INCH-USD,2021-08-28,3.2842159271240234,2021-08-28,3.2842159271240234,TIME,5.0,47.4,10.5,6.5,5.0,69.4,0,0.0,0.0,static_build_v18@bfe85ac
1INCH-USD,2021-08-29,3.15687894821167,2021-08-29,3.15687894821167,TIME,5.0,27.0,10.5,6.5,5.0,49.0,0,0.0,0.0,static_build_v18@bfe85ac
1INCH-USD,2021-08-31,3.048285961151123,2021-08-31,3.048285961151123,TIME,5.0,20.4,10.5,6.5,5.0,42.4,0,0.0,0.0,static_build_v18@bfe85ac
1INCH-USD,2021-09-01,3.356972932815552,2021-09-01,3.356972932815552,TIME,5.0,40.8,10.5,6.5,5.0,62.8,0,0.0,0.0,static_build_v18@bfe85ac
1INCH-USD,2021-09-02,3.357507944107056,2021-09-02,3.357507944107056,TIME,5.0,40.8,10.5,6.5,5.0,62.8,0,0.0,0.0,static_build_v18@bfe85ac
1INCH-USD,2021-09-03,3.579766035079956,2021-09-03,3.579766035079956,TIME,5.0,40.8,10.5,6.5,7.0,64.8,0,0.0,0.0,static_build_v18@bfe85ac
1INCH-USD,2021-09-04,3.6850099563598633,2021-09-04,3.6850099563598633,TIME,5.0,40.8,10.5,6.5,9.0,66.8,0,0.0,0.0,static_build_v18@bfe85ac
1INCH-USD,2021-09-05,3.83235502243042,2021-09-05,3.83235502243042,TIME,5.0,40.8,10.5,6.5,9.0,66.8,0,0.0,0.0,static_build_v18@bfe85ac
1INCH-USD,2021-09-06,3.707542896270752,2021-09-06,3.707542896270752,TIME,5.0,40.8,10.5,6.5,8.0,65.8,0,0.0,0.0,static_build_v18@bfe85ac
1INCH-USD,2021-09-14,3.068754911422729,2021-09-14,3.068754911422729,TIME,5.0,31.6,10.5,6.5,1.0,49.6,0,0.0,0.0,static_build_v18@bfe85ac
1INCH-USD,2021-09-15,3.3093149662017822,2021-09-15,3.3093149662017822,TIME,5.0,40.8,10.5,6.5,5.0,62.8,0,0.0,0.0,static_build_v18@bfe85ac
1INCH-USD,2021-09-16,3.3341970443725586,2021-09-16,3.3341970443725586,TIME,5.0,40.8,10.5,6.5,5.0,62.8,0,0.0,0.0,static_build_v18@bfe85ac
1INCH-USD,2021-10-02,3.05942702293396,2021-10-02,3.05942702293396,TIME,5.0,31.6,8.0,6.5,5.0,51.1,0,0.0,0.0,static_build_v18@bfe85ac
1INCH-USD,2021-10-03,3.078850030899048,2021-10-03,3.078850030899048,TIME,5.0,31.6,8.0,6.5,5.0,51.1,0,0.0,0.0,static_build_v18@bfe85ac
1INCH-USD,2021-10-04,3.1596720218658447,2021-10-04,3.1596720218658447,TIME,5.0,40.8,8.0,6.5,5.0,60.3,0,0.0,0.0,static_build_v18@bfe85ac
1INCH-USD,2021-10-05,3.2755610942840576,2021-10-05,3.2755610942840576,TIME,5.0,40.8,8.0,6.5,8.0,63.3,0,0.0,0.0,static_build_v18@bfe85ac
1INCH-USD,2021-10-06,3.116606950759888,2021-10-06,3.116606950759888,TIME,5.0,31.6,8.0,6.5,7.0,53.1,0,0.0,0.0,static_build_v18@bfe85ac
1INCH-USD,2021-10-07,3.136101007461548,2021-10-07,3.136101007461548,TIME,5.0,31.6,8.0,6.5,8.0,54.1,0,0.0,0.0,static_build_v18@bfe85ac
1INCH-USD,2021-10-08,3.1612329483032227,2021-10-08,3.1612329483032227,TIME,5.0,40.8,8.0,6.5,8.0,63.3,0,0.0,0.0,static_build_v18@bfe85ac
1INCH-USD,2021-10-09,3.1944820880889893,2021-10-09,3.1944820880889893,TIME,5.0,40.8,8.0,6.5,8.0,63.3,0,0.0,0.0,static_build_v18@bfe85ac
1INCH-USD,2021-10-14,3.3453168869018555,2021-10-14,3.3453168869018555,TIME,5.0,40.8,8.0,8.25,9.0,66.05,0,0.0,0.0,static_build_v18@bfe85ac
1INCH-USD,2021-10-15,3.2352941036224365,2021-10-15,3.2352941036224365,TIME,5.0,40.8,8.0,6.5,7.0,62.3,0,0.0,0.0,static_build_v18@bfe85ac
1INCH-USD,2021-10-16,3.204387903213501,2021-10-16,3.204387903213501,TIME,5.0,40.8,8.0,6.5,7.0,62.3,0,0.0,0.0,static_build_v18@bfe85ac
1INCH-USD,2021-10-17,3.481091022491455,2021-10-17,3.481091022491455,TIME,5.0,40.8,8.0,6.5,9.0,64.3,0,0.0,0.0,static_build_v18@bfe85ac
1INCH-USD,2021-10-18,3.446086883544922,2021-10-18,3.446086883544922,TIME,5.0,40.8,8.0,6.5,8.0,63.3,0,0.0,0.0,static_build_v18@bfe85ac
1INCH-USD,2021-10-19,3.738239049911499,2021-10-19,3.738239049911499,TIME,5.0,40.8,8.0,6.5,9.0,64.3,0,0.0,0.0,static_build_v18@bfe85ac
1INCH-USD,2021-10-20,4.187333106994629,2021-10-20,4.187333106994629,TIME,5.0,40.8,10.5,8.25,9.0,68.55,0,0.0,0.0,static_build_v18@bfe85ac
1INCH-USD,2021-10-21,4.131885051727295,2021-10-21,4.131885051727295,TIME,5.0,40.8,10.5,8.25,8.0,67.55,0,0.0,0.0,static_build_v18@bfe85ac
1INCH-USD,2021-10-22,4.016643047332764,2021-10-22,4.016643047332764,TIME,5.0,40.8,10.5,6.5,8.0,65.8,0,0.0,0.0,static_build_v18@bfe85ac
1INCH-USD,2021-10-23,4.021334171295166,2021-10-23,4.021334171295166,TIME,5.0,40.8,10.5,6.5,8.0,65.8,0,0.0,0.0,static_build_v18@bfe85ac
1INCH-USD,2021-10-24,3.810249090194702,2021-10-24,3.810249090194702,TIME,5.0,40.8,10.5,6.5,8.0,65.8,0,0.0,0.0,static_build_v18@bfe85ac
1INCH-USD,2021-10-25,4.0447258949279785,2021-10-25,4.0447258949279785,TIME,5.0,40.8,10.5,6.5,8.0,65.8,0,0.0,0.0,static_build_v18@bfe85ac
1INCH-USD,2021-10-26,3.951939105987549,2021-10-26,3.951939105987549,TIME,5.0,40.8,10.5,6.5,8.0,65.8,0,0.0,0.0,static_build_v18@bfe85ac
1INCH-USD,2021-10-27,5.674349784851074,2021-10-27,5.674349784851074,TIME,5.0,47.4,13.0,12.5,8.0,80.9,0,0.0,0.0,static_build_v18@bfe85ac
1INCH-USD,2021-10-28,5.148643970489502,2021-10-28,5.148643970489502,TIME,5.0,47.4,13.0,8.25,8.0,76.65,0,0.0,0.0,static_build_v18@bfe85ac
1INCH-USD,2021-10-29,5.039698123931885,2021-10-29,5.039698123931885,TIME,5.0,47.4,13.0,6.5,8.0,74.9,0,0.0,0.0,static_build_v18@bfe85ac
1INCH-USD,2021-10-30,4.71898889541626,2021-10-30,4.71898889541626,TIME,5.0,47.4,13.0,6.5,8.0,74.9,0,0.0,0.0,static_build_v18@bfe85ac
1INCH-USD,2021-10-31,4.585309982299805,2021-10-31,4.585309982299805,TIME,5.0,47.4,13.0,6.5,7.0,73.9,0,0.0,0.0,static_build_v18@bfe85ac
1INCH-USD,2021-11-01,4.573478221893311,2021-11-01,4.573478221893311,TIME,5.0,47.4,13.0,6.5,7.0,73.9,0,0.0,0.0,static_build_v18@bfe85ac
1INCH-USD,2021-11-02,4.626373767852783,2021-11-02,4.626373767852783,TIME,5.0,54.0,13.0,6.5,7.0,80.5,0,0.0,0.0,static_build_v18@bfe85ac
1INCH-USD,2021-11-03,4.418837070465088,2021-11-03,4.418837070465088,TIME,5.0,42.8,13.0,6.5,4.0,66.3,0,0.0,0.0,static_build_v18@bfe85ac
1INCH-USD,2021-11-04,4.506892204284668,2021-11-04,4.506892204284668,TIME,5.0,42.8,13.0,6.5,5.0,67.3,0,0.0,0.0,static_build_v18@bfe85ac
1INCH-USD,2021-11-05,4.40342903137207,2021-11-05,4.40342903137207,TIME,5.0,42.8,10.5,6.5,4.0,63.8,0,0.0,0.0,static_build_v18@bfe85ac
1INCH-USD,2021-11-06,4.416616916656494,2021-11-06,4.416616916656494,TIME,5.0,42.8,10.5,6.5,4.0,63.8,0,0.0,0.0,static_build_v18@bfe85ac
1INCH-USD,2021-11-07,4.571435928344727,2021-11-07,4.571435928344727,TIME,5.0,54.0,10.5,6.5,5.0,76.0,0,0.0,0.0,static_build_v18@bfe85ac
1INCH-USD,2021-11-08,4.61994218826294,2021-11-08,4.61994218826294,TIME,5.0,54.0,8.0,6.5,4.0,72.5,0,0.0,0.0,static_build_v18@bfe85ac
1INCH-USD,2021-11-09,4.422455787658691,2021-11-09,4.422455787658691,TIME,5.0,42.8,8.0,6.5,4.0,61.3,0,0.0,0.0,static_build_v18@bfe85ac
1INCH-USD,2022-02-28,1.501304030418396,2022-02-28,1.501304030418396,TIME,5.0,11.2,10.5,6.5,1.0,29.2,0,0.0,0.0,static_build_v18@bfe85ac
1INCH-USD,2022-03-01,1.5188690423965454,2022-03-01,1.5188690423965454,TIME,5.0,11.2,8.0,6.5,3.0,28.7,0,0.0,0.0,static_build_v18@bfe85ac
1INCH-USD,2022-03-02,1.4943610429763794,2022-03-02,1.4943610429763794,TIME,5.0,11.2,8.0,6.5,3.0,28.7,0,0.0,0.0,static_build_v18@bfe85ac
1INCH-USD,2022-03-09,1.3766590356826782,2022-03-09,1.3766590356826782,TIME,5.0,11.2,8.0,6.5,3.0,28.7,0,0.0,0.0,static_build_v18@bfe85ac
1INCH-USD,2022-03-10,1.370061993598938,2022-03-10,1.370061993598938,TIME,5.0,11.2,8.0,8.25,3.0,30.45,0,0.0,0.0,static_build_v18@bfe85ac
1INCH-USD,2022-03-15,1.3523119688034058,2022-03-15,1.3523119688034058,TIME,5.0,11.2,8.0,6.5,3.0,28.7,0,0.0,0.0,static_build_v18@bfe85ac
1INCH-USD,2022-03-16,1.5112969875335691,2022-03-16,1.5112969875335691,TIME,5.0,11.2,8.0,12.5,5.0,36.7,0,0.0,0.0,static_build_v18@bfe85ac
1INCH-USD,2022-03-17,1.482746958732605,2022-03-17,1.482746958732605,TIME,5.0,11.2,8.0,6.5,5.0,30.7,0,0.0,0.0,static_build_v18@bfe85ac
1INCH-USD,2022-03-18,1.5889040231704712,2022-03-18,1.5889040231704712,TIME,5.0,11.2,8.0,10.0,5.0,34.2,0,0.0,0.0,static_build_v18@bfe85ac
1INCH-USD,2022-03-19,1.6343380212783811,2022-03-19,1.6343380212783811,TIME,5.0,21.1,8.0,10.0,6.0,45.1,0,0.0,0.0,static_build_v18@bfe85ac
1INCH-USD,2022-03-20,1.55587899684906,2022-03-20,1.55587899684906,TIME,5.0,11.2,8.0,6.5,7.0,32.7,0,0.0,0.0,static_build_v18@bfe85ac
1INCH-USD,2022-03-21,1.5336799621582031,2022-03-21,1.5336799621582031,TIME,5.0,11.2,8.0,6.5,7.0,32.7,0,0.0,0.0,static_build_v18@bfe85ac
1INCH-USD,2022-03-22,1.5497779846191406,2022-03-22,1.5497779846191406,TIME,5.0,11.2,8.0,6.5,7.0,32.7,0,0.0,0.0,static_build_v18@bfe85ac
1INCH-USD,2022-03-23,1.6127949953079224,2022-03-23,1.6127949953079224,TIME,5.0,21.1,8.0,6.5,7.0,42.6,0,0.0,0.0,static_build_v18@bfe85ac
1INCH-USD,2022-03-24,1.6289310455322266,2022-03-24,1.6289310455322266,TIME,5.0,21.1,8.0,6.5,7.0,42.6,0,0.0,0.0,static_build_v18@bfe85ac
1INCH-USD,2022-03-25,1.573367953300476,2022-03-25,1.573367953300476,TIME,5.0,11.2,8.0,6.5,7.0,32.7,0,0.0,0.0,static_build_v18@bfe85ac
1INCH-USD,2022-03-26,1.6271079778671265,2022-03-26,1.6271079778671265,TIME,5.0,21.1,8.0,6.5,7.0,42.6,0,0.0,0.0,static_build_v18@bfe85ac
1INCH-USD,2022-03-27,1.7515230178833008,2022-03-27,1.7515230178833008,TIME,5.0,21.1,8.0,9.5,9.0,47.6,0,0.0,0.0,static_build_v18@bfe85ac
1INCH-USD,2022-03-28,1.7247580289840698,2022-03-28,1.7247580289840698,TIME,5.0,27.700000000000003,8.0,8.25,9.0,52.95,0,0.0,0.0,static_build_v18@bfe85ac
1INCH-USD,2022-03-29,1.7949789762496948,2022-03-29,1.7949789762496948,TIME,5.0,27.700000000000003,10.5,8.25,9.0,55.45,0,0.0,0.0,static_build_v18@bfe85ac
1INCH-USD,2022-03-30,1.841981053352356,2022-03-30,1.841981053352356,TIME,5.0,27.700000000000003,10.5,6.5,9.0,53.7,0,0.0,0.0,static_build_v18@bfe85ac
1INCH-USD,2022-03-31,1.773358941078186,2022-03-31,1.773358941078186,TIME,5.0,27.700000000000003,10.5,6.5,8.0,52.7,0,0.0,0.0,static_build_v18@bfe85ac
1INCH-USD,2022-04-01,1.883059978485108,2022-04-01,1.883059978485108,TIME,5.0,27.700000000000003,10.5,6.5,9.0,53.7,0,0.0,0.0,static_build_v18@bfe85ac
1INCH-USD,2022-04-02,1.917786955833435,2022-04-02,1.917786955833435,TIME,5.0,38.2,13.0,10.0,8.0,69.2,0,0.0,0.0,static_build_v18@bfe85ac
1INCH-USD,2022-04-03,1.97530996799469,2022-04-03,1.97530996799469,TIME,5.0,38.2,10.5,6.5,9.0,64.2,0,0.0,0.0,static_build_v18@bfe85ac
1INCH-USD,2022-04-04,1.8956890106201167,2022-04-04,1.8956890106201167,TIME,5.0,38.2,13.0,6.5,8.0,65.7,0,0.0,0.0,static_build_v18@bfe85ac
1INCH-USD,2022-04-05,1.841109037399292,2022-04-05,1.841109037399292,TIME,5.0,27.700000000000003,10.5,6.5,7.0,51.7,0,0.0,0.0,static_build_v18@bfe85ac
1INCH-USD,2022-05-22,0.9990100264549256,2022-05-22,0.9990100264549256,TIME,5.0,24.4,8.0,6.5,3.0,41.9,0,0.0,0.0,static_build_v18@bfe85ac
1INCH-USD,2022-05-24,0.9952459931373596,2022-05-24,0.9952459931373596,TIME,5.0,17.799999999999997,8.0,6.5,3.0,35.3,0,0.0,0.0,static_build_v18@bfe85ac
1INCH-USD,2022-05-30,1.0042229890823364,2022-05-30,1.0042229890823364,TIME,5.0,17.799999999999997,8.0,6.5,3.0,35.3,0,0.0,0.0,static_build_v18@bfe85ac
1INCH-USD,2022-05-31,0.970134973526001,2022-05-31,0.970134973526001,TIME,5.0,17.799999999999997,8.0,6.5,3.0,35.3,0,0.0,0.0,static_build_v18@bfe85ac
1INCH-USD,2022-06-20,0.6853320002555847,2022-06-20,0.6853320002555847,TIME,5.0,24.4,10.5,12.5,3.0,50.4,0,0.0,0.0,static_build_v18@bfe85ac
1INCH-USD,2022-06-21,0.6887059807777405,2022-06-21,0.6887059807777405,TIME,5.0,24.4,10.5,8.25,3.0,46.15,0,0.0,0.0,static_build_v18@bfe85ac
1INCH-USD,2022-06-22,0.6857219934463501,2022-06-22,0.6857219934463501,TIME,5.0,17.799999999999997,10.5,8.25,3.0,39.55,0,0.0,0.0,static_build_v18@bfe85ac
1INCH-USD,2022-06-23,0.7127540111541748,2022-06-23,0.7127540111541748,TIME,5.0,17.799999999999997,10.5,6.5,3.0,37.8,0,0.0,0.0,static_build_v18@bfe85ac
1INCH-USD,2022-06-24,0.7577319741249084,2022-06-24,0.7577319741249084,TIME,5.0,17.799999999999997,10.5,6.5,5.0,39.8,0,0.0,0.0,static_build_v18@bfe85ac
1INCH-USD,2022-06-25,0.7280129790306091,2022-06-25,0.7280129790306091,TIME,5.0,17.799999999999997,10.5,6.5,4.0,38.8,0,0.0,0.0,static_build_v18@bfe85ac
1INCH-USD,2022-06-26,0.6930530071258545,2022-06-26,0.6930530071258545,TIME,5.0,17.799999999999997,10.5,6.5,3.0,37.8,0,0.0,0.0,static_build_v18@bfe85ac
1INCH-USD,2022-07-15,0.6535739898681641,2022-07-15,0.6535739898681641,TIME,5.0,11.2,8.0,10.75,3.0,32.95,0,0.0,0.0,static_build_v18@bfe85ac
1INCH-USD,2022-07-16,0.6663380265235901,2022-07-16,0.6663380265235901,TIME,5.0,11.2,8.0,6.5,4.0,29.7,0,0.0,0.0,static_build_v18@bfe85ac
1INCH-USD,2022-07-17,0.6461570262908936,2022-07-17,0.6461570262908936,TIME,5.0,11.2,8.0,6.5,3.0,28.7,0,0.0,0.0,static_build_v18@bfe85ac
1INCH-USD,2022-07-18,0.722154974937439,2022-07-18,0.722154974937439,TIME,5.0,11.2,8.0,10.75,5.0,34.95,0,0.0,0.0,static_build_v18@bfe85ac
1INCH-USD,2022-07-19,0.7352460026741028,2022-07-19,0.7352460026741028,TIME,5.0,11.2,8.0,10.0,5.0,34.2,0,0.0,0.0,static_build_v18@bfe85ac
1INCH-USD,2022-07-20,0.6771349906921387,2022-07-20,0.6771349906921387,TIME,5.0,11.2,8.0,6.5,4.0,29.7,0,0.0,0.0,static_build_v18@bfe85ac
1INCH-USD,2022-07-21,0.688543975353241,2022-07-21,0.688543975353241,TIME,5.0,11.2,8.0,6.5,4.0,29.7,0,0.0,0.0,static_build_v18@bfe85ac
1INCH-USD,2022-07-23,0.6808440089225769,2022-07-23,0.6808440089225769,TIME,5.0,11.2,8.0,6.5,4.0,29.7,0,0.0,0.0,static_build_v18@bfe85ac
1INCH-USD,2022-07-24,0.6775550246238708,2022-07-24,0.6775550246238708,TIME,5.0,11.2,8.0,6.5,4.0,29.7,0,0.0,0.0,static_build_v18@bfe85ac
1INCH-USD,2022-07-27,0.6939700245857239,2022-07-27,0.6939700245857239,TIME,5.0,11.2,8.0,6.5,4.0,29.7,0,0.0,0.0,static_build_v18@bfe85ac
1INCH-USD,2022-07-28,0.7733100056648254,2022-07-28,0.7733100056648254,TIME,5.0,21.1,10.5,12.5,9.0,53.1,0,0.0,0.0,static_build_v18@bfe85ac
1INCH-USD,2022-07-29,0.7616329789161682,2022-07-29,0.7616329789161682,TIME,5.0,21.1,10.5,8.25,7.0,46.85,0,0.0,0.0,static_build_v18@bfe85ac
1INCH-USD,2022-07-30,0.7649909853935242,2022-07-30,0.7649909853935242,TIME,5.0,21.1,10.5,8.25,7.0,46.85,0,0.0,0.0,static_build_v18@bfe85ac
1INCH-USD,2022-07-31,0.7624769806861877,2022-07-31,0.7624769806861877,TIME,5.0,21.1,10.5,8.25,7.0,46.85,0,0.0,0.0,static_build_v18@bfe85ac
1INCH-USD,2022-08-01,0.7709770202636719,2022-08-01,0.7709770202636719,TIME,5.0,21.1,10.5,6.5,8.0,46.1,0,0.0,0.0,static_build_v18@bfe85ac
1INCH-USD,2022-08-02,0.7454109787940979,2022-08-02,0.7454109787940979,TIME,5.0,21.1,10.5,6.5,7.0,45.1,0,0.0,0.0,static_build_v18@bfe85ac
1INCH-USD,2022-08-03,0.766514003276825,2022-08-03,0.766514003276825,TIME,5.0,21.1,10.5,6.5,7.0,45.1,0,0.0,0.0,static_build_v18@bfe85ac
1INCH-USD,2022-08-04,0.7997530102729797,2022-08-04,0.7997530102729797,TIME,5.0,21.1,10.5,6.5,9.0,47.1,0,0.0,0.0,static_build_v18@bfe85ac
1INCH-USD,2022-08-05,0.8315929770469666,2022-08-05,0.8315929770469666,TIME,5.0,21.1,10.5,6.5,9.0,47.1,0,0.0,0.0,static_build_v18@bfe85ac
1INCH-USD,2022-08-06,0.8072050213813782,2022-08-06,0.8072050213813782,TIME,5.0,21.1,10.5,6.5,9.0,47.1,0,0.0,0.0,static_build_v18@bfe85ac
1INCH-USD,2022-08-07,0.8066250085830688,2022-08-07,0.8066250085830688,TIME,5.0,21.1,8.0,6.5,9.0,44.6,0,0.0,0.0,static_build_v18@bfe85ac
1INCH-USD,2022-08-08,0.83651202917099,2022-08-08,0.83651202917099,TIME,5.0,21.1,8.0,6.5,9.0,44.6,0,0.0,0.0,static_build_v18@bfe85ac
1INCH-USD,2022-08-09,0.8090639710426331,2022-08-09,0.8090639710426331,TIME,5.0,21.1,8.0,6.5,7.0,42.6,0,0.0,0.0,static_build_v18@bfe85ac
1INCH-USD,2022-08-10,0.8797079920768738,2022-08-10,0.8797079920768738,TIME,5.0,27.700000000000003,10.5,6.5,9.0,53.7,0,0.0,0.0,static_build_v18@bfe85ac
1INCH-USD,2022-08-11,0.864425003528595,2022-08-11,0.864425003528595,TIME,5.0,27.700000000000003,10.5,6.5,8.0,52.7,0,0.0,0.0,static_build_v18@bfe85ac
1INCH-USD,2022-08-12,0.8793569803237915,2022-08-12,0.8793569803237915,TIME,5.0,27.700000000000003,8.0,6.5,9.0,51.2,0,0.0,0.0,static_build_v18@bfe85ac
1INCH-USD,2022-08-13,0.8747029900550842,2022-08-13,0.8747029900550842,TIME,5.0,27.700000000000003,8.0,6.5,9.0,51.2,0,0.0,0.0,static_build_v18@bfe85ac
1INCH-USD,2022-08-14,0.8406649827957153,2022-08-14,0.8406649827957153,TIME,5.0,27.700000000000003,8.0,6.5,7.0,49.2,0,0.0,0.0,static_build_v18@bfe85ac
1INCH-USD,2022-08-15,0.8209599852561951,2022-08-15,0.8209599852561951,TIME,5.0,16.5,8.0,6.5,7.0,38.0,0,0.0,0.0,static_build_v18@bfe85ac
1INCH-USD,2022-08-16,0.818261981010437,2022-08-16,0.818261981010437,TIME,5.0,16.5,8.0,6.5,5.0,36.0,0,0.0,0.0,static_build_v18@bfe85ac
1INCH-USD,2022-10-26,0.6102579832077026,2022-10-26,0.6102579832077026,TIME,5.0,21.1,8.0,6.5,5.0,40.6,0,0.0,0.0,static_build_v18@bfe85ac
1INCH-USD,2022-10-28,0.6147440075874329,2022-10-28,0.6147440075874329,TIME,5.0,21.1,8.0,6.5,8.0,43.6,0,0.0,0.0,static_build_v18@bfe85ac
1INCH-USD,2022-10-29,0.6237639784812927,2022-10-29,0.6237639784812927,TIME,5.0,21.1,8.0,8.25,9.0,46.35,0,0.0,0.0,static_build_v18@bfe85ac
1INCH-USD,2022-10-30,0.6136260032653809,2022-10-30,0.6136260032653809,TIME,5.0,21.1,8.0,6.5,7.0,42.6,0,0.0,0.0,static_build_v18@bfe85ac
1INCH-USD,2022-10-31,0.6126300096511841,2022-10-31,0.6126300096511841,TIME,5.0,21.1,10.5,10.0,7.0,48.6,0,0.0,0.0,static_build_v18@bfe85ac
1INCH-USD,2022-11-01,0.6082559823989868,2022-11-01,0.6082559823989868,TIME,5.0,21.1,10.5,6.5,7.0,45.1,0,0.0,0.0,static_build_v18@bfe85ac
1INCH-USD,2022-11-03,0.6077679991722107,2022-11-03,0.6077679991722107,TIME,5.0,21.1,10.5,8.25,7.0,46.85,0,0.0,0.0,static_build_v18@bfe85ac
1INCH-USD,2022-11-04,0.6505759954452515,2022-11-04,0.6505759954452515,TIME,5.0,21.1,10.5,8.25,9.0,48.85,0,0.0,0.0,static_build_v18@bfe85ac
1INCH-USD,2022-11-05,0.6456300020217896,2022-11-05,0.6456300020217896,TIME,5.0,21.1,10.5,6.5,9.0,47.1,0,0.0,0.0,static_build_v18@bfe85ac
1INCH-USD,2022-11-06,0.6353470087051392,2022-11-06,0.6353470087051392,TIME,5.0,21.1,10.5,10.0,7.0,48.6,0,0.0,0.0,static_build_v18@bfe85ac
1INCH-USD,2022-11-07,0.6358680129051208,2022-11-07,0.6358680129051208,TIME,5.0,21.1,10.5,6.5,7.0,45.1,0,0.0,0.0,static_build_v18@bfe85ac
1INCH-USD,2022-11-23,0.5437039732933044,2022-11-23,0.5437039732933044,TIME,5.0,11.2,8.0,6.5,3.0,28.7,0,0.0,0.0,static_build_v18@bfe85ac
1INCH-USD,2022-11-30,0.5266979932785034,2022-11-30,0.5266979932785034,TIME,5.0,11.2,8.0,6.5,3.0,28.7,0,0.0,0.0,static_build_v18@bfe85ac
1INCH-USD,2022-12-26,0.4058350026607513,2022-12-26,0.4058350026607513,TIME,5.0,17.799999999999997,8.0,6.5,3.0,35.3,0,0.0,0.0,static_build_v18@bfe85ac
1INCH-USD,2023-01-02,0.395345002412796,2023-01-02,0.395345002412796,TIME,5.0,17.799999999999997,8.0,6.5,3.0,35.3,0,0.0,0.0,static_build_v18@bfe85ac
1INCH-USD,2023-01-04,0.3955059945583343,2023-01-04,0.3955059945583343,TIME,5.0,17.799999999999997,8.0,8.25,3.0,37.05,0,0.0,0.0,static_build_v18@bfe85ac
1INCH-USD,2023-01-06,0.3971030116081238,2023-01-06,0.3971030116081238,TIME,5.0,17.799999999999997,8.0,8.25,3.0,37.05,0,0.0,0.0,static_build_v18@bfe85ac
1INCH-USD,2023-01-07,0.3976750075817108,2023-01-07,0.3976750075817108,TIME,5.0,17.799999999999997,6.0,6.5,3.0,33.3,0,0.0,0.0,static_build_v18@bfe85ac
1INCH-USD,2023-01-08,0.4085690081119537,2023-01-08,0.4085690081119537,TIME,5.0,17.799999999999997,8.0,6.5,5.0,37.3,0,0.0,0.0,static_build_v18@bfe85ac
1INCH-USD,2023-01-09,0.4218280017375946,2023-01-09,0.4218280017375946,TIME,5.0,17.799999999999997,8.0,11.25,5.0,42.05,0,0.0,0.0,static_build_v18@bfe85ac
1INCH-USD,2023-01-10,0.4324589967727661,2023-01-10,0.4324589967727661,TIME,5.0,17.799999999999997,8.0,8.25,6.0,40.05,0,0.0,0.0,static_build_v18@bfe85ac
1INCH-USD,2023-01-11,0.4355599880218506,2023-01-11,0.4355599880218506,TIME,5.0,17.799999999999997,10.5,6.5,6.0,40.8,0,0.0,0.0,static_build_v18@bfe85ac
1INCH-USD,2023-01-12,0.4508090019226074,2023-01-12,0.4508090019226074,TIME,5.0,27.700000000000003,10.5,8.25,9.0,55.45,0,0.0,0.0,static_build_v18@bfe85ac
1INCH-USD,2023-01-13,0.4646430015563965,2023-01-13,0.4646430015563965,TIME,5.0,27.700000000000003,10.5,6.5,9.0,53.7,0,0.0,0.0,static_build_v18@bfe85ac
1INCH-USD,2023-01-14,0.481110006570816,2023-01-14,0.481110006570816,TIME,5.0,27.700000000000003,10.5,12.5,9.0,59.7,0,0.0,0.0,static_build_v18@bfe85ac
1INCH-USD,2023-01-15,0.4980799853801727,2023-01-15,0.4980799853801727,TIME,5.0,38.2,13.0,10.0,9.0,70.2,0,0.0,0.0,static_build_v18@bfe85ac
1INCH-USD,2023-01-16,0.4874610006809234,2023-01-16,0.4874610006809234,TIME,5.0,27.700000000000003,13.0,10.0,9.0,59.7,0,0.0,0.0,static_build_v18@bfe85ac
1INCH-USD,2023-01-17,0.4798139929771423,2023-01-17,0.4798139929771423,TIME,5.0,27.700000000000003,13.0,6.5,8.0,55.2,0,0.0,0.0,static_build_v18@bfe85ac
1INCH-USD,2023-01-18,0.4470399916172027,2023-01-18,0.4470399916172027,TIME,5.0,16.5,13.0,6.5,7.0,43.0,0,0.0,0.0,static_build_v18@bfe85ac
1INCH-USD,2023-01-19,0.462440013885498,2023-01-19,0.462440013885498,TIME,5.0,27.700000000000003,13.0,10.0,7.0,57.7,0,0.0,0.0,static_build_v18@bfe85ac
1INCH-USD,2023-01-20,0.4913319945335388,2023-01-20,0.4913319945335388,TIME,5.0,27.700000000000003,13.0,6.5,9.0,56.2,0,0.0,0.0,static_build_v18@bfe85ac
1INCH-USD,2023-01-21,0.5024420022964478,2023-01-21,0.5024420022964478,TIME,5.0,38.2,13.0,8.25,9.0,68.45,0,0.0,0.0,static_build_v18@bfe85ac
1INCH-USD,2023-01-22,0.51385498046875,2023-01-22,0.51385498046875,TIME,5.0,38.2,13.0,8.25,9.0,68.45,0,0.0,0.0,static_build_v18@bfe85ac
1INCH-USD,2023-01-23,0.533735990524292,2023-01-23,0.533735990524292,TIME,5.0,38.2,13.0,10.0,9.0,70.2,0,0.0,0.0,static_build_v18@bfe85ac
1INCH-USD,2023-01-24,0.5132259726524353,2023-01-24,0.5132259726524353,TIME,5.0,38.2,13.0,6.5,8.0,65.7,0,0.0,0.0,static_build_v18@bfe85ac
1INCH-USD,2023-01-25,0.5342509746551514,2023-01-25,0.5342509746551514,TIME,5.0,38.2,13.0,10.0,9.0,70.2,0,0.0,0.0,static_build_v18@bfe85ac
1INCH-USD,2023-01-26,0.5273529887199402,2023-01-26,0.5273529887199402,TIME,5.0,44.8,13.0,6.5,8.0,72.3,0,0.0,0.0,static_build_v18@bfe85ac
1INCH-USD,2023-01-27,0.534850001335144,2023-01-27,0.534850001335144,TIME,5.0,44.8,13.0,6.5,9.0,73.3,0,0.0,0.0,static_build_v18@bfe85ac
1INCH-USD,2023-01-28,0.5288040041923523,2023-01-28,0.5288040041923523,TIME,5.0,44.8,13.0,6.5,8.0,72.3,0,0.0,0.0,static_build_v18@bfe85ac
1INCH-USD,2023-01-29,0.5408160090446472,2023-01-29,0.5408160090446472,TIME,5.0,44.8,13.0,6.5,9.0,73.3,0,0.0,0.0,static_build_v18@bfe85ac
1INCH-USD,2023-01-30,0.5087770223617554,2023-01-30,0.5087770223617554,TIME,5.0,33.599999999999994,13.0,6.5,7.0,60.1,0,0.0,0.0,static_build_v18@bfe85ac
1INCH-USD,2023-01-31,0.513821005821228,2023-01-31,0.513821005821228,TIME,5.0,27.0,10.5,6.5,5.0,49.0,0,0.0,0.0,static_build_v18@bfe85ac
1INCH-USD,2023-02-01,0.5282869935035706,2023-02-01,0.5282869935035706,TIME,5.0,38.2,10.5,6.5,6.0,61.2,0,0.0,0.0,static_build_v18@bfe85ac
1INCH-USD,2023-02-02,0.5405430197715759,2023-02-02,0.5405430197715759,TIME,5.0,44.8,10.5,6.5,6.0,67.8,0,0.0,0.0,static_build_v18@bfe85ac
1INCH-USD,2023-02-03,0.56557297706604,2023-02-03,0.56557297706604,TIME,5.0,44.8,10.5,6.5,9.0,70.8,0,0.0,0.0,static_build_v18@bfe85ac
1INCH-USD,2023-02-04,0.5834190249443054,2023-02-04,0.5834190249443054,TIME,5.0,44.8,10.5,6.5,9.0,70.8,0,0.0,0.0,static_build_v18@bfe85ac
1INCH-USD,2023-02-05,0.5605459809303284,2023-02-05,0.5605459809303284,TIME,5.0,44.8,13.0,10.0,8.0,75.8,0,0.0,0.0,static_build_v18@bfe85ac
1INCH-USD,2023-02-06,0.556984007358551,2023-02-06,0.556984007358551,TIME,5.0,44.8,13.0,6.5,8.0,72.3,0,0.0,0.0,static_build_v18@bfe85ac
1INCH-USD,2023-02-07,0.5859230160713196,2023-02-07,0.5859230160713196,TIME,5.0,44.8,13.0,6.5,8.0,72.3,0,0.0,0.0,static_build_v18@bfe85ac
1INCH-USD,2023-02-08,0.5645260214805603,2023-02-08,0.5645260214805603,TIME,5.0,44.8,13.0,6.5,8.0,72.3,0,0.0,0.0,static_build_v18@bfe85ac
1INCH-USD,2023-02-09,0.5268300175666809,2023-02-09,0.5268300175666809,TIME,5.0,33.599999999999994,13.0,6.5,5.0,58.1,0,0.0,0.0,static_build_v18@bfe85ac
1INCH-USD,2023-02-10,0.5317260026931763,2023-02-10,0.5317260026931763,TIME,5.0,33.599999999999994,10.5,6.5,5.0,55.6,0,0.0,0.0,static_build_v18@bfe85ac
1INCH-USD,2023-02-11,0.5405470132827759,2023-02-11,0.5405470132827759,TIME,5.0,33.599999999999994,10.5,6.5,5.0,55.6,0,0.0,0.0,static_build_v18@bfe85ac
1INCH-USD,2023-02-12,0.5325719714164734,2023-02-12,0.5325719714164734,TIME,5.0,33.599999999999994,10.5,6.5,5.0,55.6,0,0.0,0.0,static_build_v18@bfe85ac
1INCH-USD,2023-02-13,0.5305299758911133,2023-02-13,0.5305299758911133,TIME,5.0,33.599999999999994,10.5,6.5,5.0,55.6,0,0.0,0.0,static_build_v18@bfe85ac
1INCH-USD,2023-02-14,0.53957599401474,2023-02-14,0.53957599401474,TIME,5.0,33.599999999999994,8.0,6.5,5.0,53.1,0,0.0,0.0,static_build_v18@bfe85ac
1INCH-USD,2023-02-15,0.566586971282959,2023-02-15,0.566586971282959,TIME,5.0,44.8,8.0,6.5,5.0,64.3,0,0.0,0.0,static_build_v18@bfe85ac
1INCH-USD,2023-02-16,0.5426070094108582,2023-02-16,0.5426070094108582,TIME,5.0,33.599999999999994,8.0,6.5,5.0,53.1,0,0.0,0.0,static_build_v18@bfe85ac
1INCH-USD,2023-02-17,0.5675899982452393,2023-02-17,0.5675899982452393,TIME,5.0,44.8,8.0,6.5,5.0,64.3,0,0.0,0.0,static_build_v18@bfe85ac
1INCH-USD,2023-02-18,0.5745570063591003,2023-02-18,0.5745570063591003,TIME,5.0,44.8,8.0,6.5,5.0,64.3,0,0.0,0.0,static_build_v18@bfe85ac
1INCH-USD,2023-02-19,0.573777973651886,2023-02-19,0.573777973651886,TIME,5.0,44.8,8.0,6.5,5.0,64.3,0,0.0,0.0,static_build_v18@bfe85ac
1INCH-USD,2023-02-20,0.612293004989624,2023-02-20,0.612293004989624,TIME,5.0,44.8,8.0,6.5,9.0,68.3,0,0.0,0.0,static_build_v18@bfe85ac
1INCH-USD,2023-02-21,0.6871160268783569,2023-02-21,0.6871160268783569,TIME,5.0,54.0,10.5,12.5,9.0,86.0,0,0.0,0.0,static_build_v18@bfe85ac
1INCH-USD,2023-02-22,0.6426929831504822,2023-02-22,0.6426929831504822,TIME,5.0,54.0,10.5,8.25,8.0,80.75,0,0.0,0.0,static_build_v18@bfe85ac
1INCH-USD,2023-02-23,0.6194379925727844,2023-02-23,0.6194379925727844,TIME,5.0,44.8,10.5,6.5,7.0,68.8,0,0.0,0.0,static_build_v18@bfe85ac
1INCH-USD,2023-02-24,0.6000670194625854,2023-02-24,0.6000670194625854,TIME,5.0,33.599999999999994,10.5,6.5,7.0,57.6,0,0.0,0.0,static_build_v18@bfe85ac
1INCH-USD,2023-02-25,0.5812050104141235,2023-02-25,0.5812050104141235,TIME,5.0,33.599999999999994,10.5,6.5,7.0,57.6,0,0.0,0.0,static_build_v18@bfe85ac
1INCH-USD,2023-02-26,0.5825920104980469,2023-02-26,0.5825920104980469,TIME,5.0,33.599999999999994,10.5,6.5,5.0,55.6,0,0.0,0.0,static_build_v18@bfe85ac
1INCH-USD,2023-02-27,0.5780990123748779,2023-02-27,0.5780990123748779,TIME,5.0,33.599999999999994,10.5,6.5,5.0,55.6,0,0.0,0.0,static_build_v18@bfe85ac
1INCH-USD,2023-02-28,0.5712760090827942,2023-02-28,0.5712760090827942,TIME,5.0,33.599999999999994,8.0,6.5,5.0,53.1,0,0.0,0.0,static_build_v18@bfe85ac
1INCH-USD,2023-03-01,0.5875099897384644,2023-03-01,0.5875099897384644,TIME,5.0,33.599999999999994,8.0,6.5,5.0,53.1,0,0.0,0.0,static_build_v18@bfe85ac
1INCH-USD,2023-03-14,0.5271589756011963,2023-03-14,0.5271589756011963,TIME,5.0,38.2,10.5,6.5,2.0,57.2,0,0.0,0.0,static_build_v18@bfe85ac
1INCH-USD,2023-04-16,0.574567973613739,2023-04-16,0.574567973613739,TIME,5.0,38.2,8.0,6.5,9.0,61.7,0,0.0,0.0,static_build_v18@bfe85ac
1INCH-USD,2023-04-17,0.5571280121803284,2023-04-17,0.5571280121803284,TIME,5.0,38.2,8.0,6.5,7.0,59.7,0,0.0,0.0,static_build_v18@bfe85ac
1INCH-USD,2023-04-18,0.5696889758110046,2023-04-18,0.5696889758110046,TIME,5.0,38.2,8.0,6.5,8.0,60.7,0,0.0,0.0,static_build_v18@bfe85ac
1INCH-USD,2023-06-20,0.292959988117218,2023-06-20,0.292959988117218,TIME,5.0,24.4,8.0,6.5,3.0,41.9,0,0.0,0.0,static_build_v18@bfe85ac
1INCH-USD,2023-06-21,0.3091799914836883,2023-06-21,0.3091799914836883,TIME,5.0,24.4,8.0,6.5,3.0,41.9,0,0.0,0.0,static_build_v18@bfe85ac
1INCH-USD,2023-06-22,0.3044500052928924,2023-06-22,0.3044500052928924,TIME,5.0,24.4,8.0,6.5,3.0,41.9,0,0.0,0.0,static_build_v18@bfe85ac
1INCH-USD,2023-06-23,0.3180319964885711,2023-06-23,0.3180319964885711,TIME,5.0,24.4,8.0,6.5,4.0,42.9,0,0.0,0.0,static_build_v18@bfe85ac
1INCH-USD,2023-06-24,0.3259840011596679,2023-06-24,0.3259840011596679,TIME,5.0,24.4,8.0,6.5,5.0,43.9,0,0.0,0.0,static_build_v18@bfe85ac
1INCH-USD,2023-06-25,0.3283250033855438,2023-06-25,0.3283250033855438,TIME,5.0,24.4,8.0,8.25,5.0,45.65,0,0.0,0.0,static_build_v18@bfe85ac
1INCH-USD,2023-06-26,0.3198890089988708,2023-06-26,0.3198890089988708,TIME,5.0,24.4,8.0,6.5,3.0,41.9,0,0.0,0.0,static_build_v18@bfe85ac
1INCH-USD,2023-06-30,0.3174479901790619,2023-06-30,0.3174479901790619,TIME,5.0,17.799999999999997,10.5,6.5,3.0,37.8,0,0.0,0.0,static_build_v18@bfe85ac
1INCH-USD,2023-07-01,0.3310180008411407,2023-07-01,0.3310180008411407,TIME,5.0,17.799999999999997,10.5,6.5,4.0,38.8,0,0.0,0.0,static_build_v18@bfe85ac
1INCH-USD,2023-07-02,0.3247630000114441,2023-07-02,0.3247630000114441,TIME,5.0,17.799999999999997,10.5,6.5,4.0,38.8,0,0.0,0.0,static_build_v18@bfe85ac
1INCH-USD,2023-07-03,0.3405239880084991,2023-07-03,0.3405239880084991,TIME,5.0,17.799999999999997,10.5,6.5,5.0,39.8,0,0.0,0.0,static_build_v18@bfe85ac
1INCH-USD,2023-07-13,0.3495660126209259,2023-07-13,0.3495660126209259,TIME,5.0,21.1,10.5,8.25,9.0,48.85,0,0.0,0.0,static_build_v18@bfe85ac
1INCH-USD,2023-07-14,0.3352439999580383,2023-07-14,0.3352439999580383,TIME,5.0,11.2,10.5,6.5,7.0,35.2,0,0.0,0.0,static_build_v18@bfe85ac
1INCH-USD,2023-07-15,0.3689410090446472,2023-07-15,0.3689410090446472,TIME,5.0,21.1,13.0,12.5,9.0,55.6,0,0.0,0.0,static_build_v18@bfe85ac
1INCH-USD,2023-07-16,0.4336290061473846,2023-07-16,0.4336290061473846,TIME,5.0,31.6,13.0,12.5,9.0,66.1,0,0.0,0.0,static_build_v18@bfe85ac
1INCH-USD,2023-07-17,0.4042910039424896,2023-07-17,0.4042910039424896,TIME,5.0,38.2,13.0,12.5,8.0,71.7,0,0.0,0.0,static_build_v18@bfe85ac
1INCH-USD,2023-07-18,0.3596560060977936,2023-07-18,0.3596560060977936,TIME,5.0,16.5,13.0,8.25,7.0,44.75,0,0.0,0.0,static_build_v18@bfe85ac
1INCH-USD,2023-08-01,0.3202160000801086,2023-08-01,0.3202160000801086,TIME,5.0,17.799999999999997,8.0,6.5,1.0,33.3,0,0.0,0.0,static_build_v18@bfe85ac
1INCH-USD,2023-08-29,0.2588120102882385,2023-08-29,0.2588120102882385,TIME,5.0,17.799999999999997,8.0,6.5,3.0,35.3,0,0.0,0.0,static_build_v18@bfe85ac
1INCH-USD,2023-08-30,0.2569549977779388,2023-08-30,0.2569549977779388,TIME,5.0,17.799999999999997,8.0,6.5,3.0,35.3,0,0.0,0.0,static_build_v18@bfe85ac
1INCH-USD,2023-09-05,0.2442539930343628,2023-09-05,0.2442539930343628,TIME,5.0,17.799999999999997,8.0,6.5,3.0,35.3,0,0.0,0.0,static_build_v18@bfe85ac
1INCH-USD,2023-09-06,0.2463590055704116,2023-09-06,0.2463590055704116,TIME,5.0,17.799999999999997,8.0,6.5,3.0,35.3,0,0.0,0.0,static_build_v18@bfe85ac
1INCH-USD,2023-09-23,0.262688010931015,2023-09-23,0.262688010931015,TIME,5.0,11.2,10.5,6.5,7.0,35.2,0,0.0,0.0,static_build_v18@bfe85ac
1INCH-USD,2023-09-24,0.2552579939365387,2023-09-24,0.2552579939365387,TIME,5.0,11.2,10.5,6.5,7.0,35.2,0,0.0,0.0,static_build_v18@bfe85ac
1INCH-USD,2023-09-25,0.2645469903945923,2023-09-25,0.2645469903945923,TIME,5.0,21.1,10.5,6.5,7.0,45.1,0,0.0,0.0,static_build_v18@bfe85ac
1INCH-USD,2023-09-26,0.26665198802948,2023-09-26,0.26665198802948,TIME,5.0,21.1,10.5,6.5,7.0,45.1,0,0.0,0.0,static_build_v18@bfe85ac
1INCH-USD,2023-09-27,0.2613590061664581,2023-09-27,0.2613590061664581,TIME,5.0,11.2,10.5,6.5,7.0,35.2,0,0.0,0.0,static_build_v18@bfe85ac
1INCH-USD,2023-09-28,0.2691769897937774,2023-09-28,0.2691769897937774,TIME,5.0,21.1,10.5,6.5,7.0,45.1,0,0.0,0.0,static_build_v18@bfe85ac
1INCH-USD,2023-09-29,0.2670480012893677,2023-09-29,0.2670480012893677,TIME,5.0,21.1,10.5,6.5,7.0,45.1,0,0.0,0.0,static_build_v18@bfe85ac
1INCH-USD,2023-09-30,0.2699480056762695,2023-09-30,0.2699480056762695,TIME,5.0,21.1,8.0,6.5,7.0,42.6,0,0.0,0.0,static_build_v18@bfe85ac
1INCH-USD,2023-10-01,0.2767150104045868,2023-10-01,0.2767150104045868,TIME,5.0,21.1,8.0,6.5,9.0,44.6,0,0.0,0.0,static_build_v18@bfe85ac
1INCH-USD,2023-10-02,0.2681829929351806,2023-10-02,0.2681829929351806,TIME,5.0,21.1,10.5,6.5,7.0,45.1,0,0.0,0.0,static_build_v18@bfe85ac
1INCH-USD,2023-10-20,0.2536030113697052,2023-10-20,0.2536030113697052,TIME,5.0,11.2,10.5,6.5,4.0,32.2,0,0.0,0.0,static_build_v18@bfe85ac
1INCH-USD,2023-10-21,0.2631300091743469,2023-10-21,0.2631300091743469,TIME,5.0,21.1,10.5,6.5,4.0,42.1,0,0.0,0.0,static_build_v18@bfe85ac
1INCH-USD,2023-10-22,0.2697499990463257,2023-10-22,0.2697499990463257,TIME,5.0,21.1,10.5,6.5,9.0,47.1,0,0.0,0.0,static_build_v18@bfe85ac
1INCH-USD,2023-10-23,0.2787010073661804,2023-10-23,0.2787010073661804,TIME,5.0,31.6,10.5,8.25,9.0,59.35,0,0.0,0.0,static_build_v18@bfe85ac
1INCH-USD,2023-10-24,0.2854009866714477,2023-10-24,0.2854009866714477,TIME,5.0,31.6,10.5,8.25,9.0,59.35,0,0.0,0.0,static_build_v18@bfe85ac
1INCH-USD,2023-10-25,0.2871170043945312,2023-10-25,0.2871170043945312,TIME,5.0,31.6,10.5,6.5,9.0,57.6,0,0.0,0.0,static_build_v18@bfe85ac
1INCH-USD,2023-10-26,0.2853670120239258,2023-10-26,0.2853670120239258,TIME,5.0,31.6,13.0,6.5,9.0,60.1,0,0.0,0.0,static_build_v18@bfe85ac
1INCH-USD,2023-10-27,0.2805950045585632,2023-10-27,0.2805950045585632,TIME,5.0,38.2,13.0,6.5,8.0,65.7,0,0.0,0.0,static_build_v18@bfe85ac
1INCH-USD,2023-10-28,0.2871620059013366,2023-10-28,0.2871620059013366,TIME,5.0,38.2,10.5,6.5,9.0,64.2,0,0.0,0.0,static_build_v18@bfe85ac
1INCH-USD,2023-10-29,0.2955580055713653,2023-10-29,0.2955580055713653,TIME,5.0,38.2,10.5,6.5,9.0,64.2,0,0.0,0.0,static_build_v18@bfe85ac
1INCH-USD,2023-10-30,0.2974720001220703,2023-10-30,0.2974720001220703,TIME,5.0,38.2,10.5,6.5,9.0,64.2,0,0.0,0.0,static_build_v18@bfe85ac
1INCH-USD,2023-10-31,0.2929520010948181,2023-10-31,0.2929520010948181,TIME,5.0,38.2,10.5,6.5,9.0,64.2,0,0.0,0.0,static_build_v18@bfe85ac
1INCH-USD,2023-11-01,0.3131409883499145,2023-11-01,0.3131409883499145,TIME,5.0,38.2,13.0,8.25,9.0,68.45,0,0.0,0.0,static_build_v18@bfe85ac
1INCH-USD,2023-11-02,0.3084070086479187,2023-11-02,0.3084070086479187,TIME,5.0,38.2,13.0,8.25,9.0,68.45,0,0.0,0.0,static_build_v18@bfe85ac
1INCH-USD,2023-11-03,0.3108099997043609,2023-11-03,0.3108099997043609,TIME,5.0,38.2,13.0,6.5,9.0,66.7,0,0.0,0.0,static_build_v18@bfe85ac
1INCH-USD,2023-11-04,0.3158420026302337,2023-11-04,0.3158420026302337,TIME,5.0,38.2,13.0,6.5,9.0,66.7,0,0.0,0.0,static_build_v18@bfe85ac
1INCH-USD,2023-11-05,0.3309719860553741,2023-11-05,0.3309719860553741,TIME,5.0,47.4,13.0,12.5,9.0,81.9,0,0.0,0.0,static_build_v18@bfe85ac
1INCH-USD,2023-11-06,0.3583590090274811,2023-11-06,0.3583590090274811,TIME,5.0,54.0,13.0,10.0,9.0,86.0,0,0.0,0.0,static_build_v18@bfe85ac
1INCH-USD,2023-11-07,0.3467139899730682,2023-11-07,0.3467139899730682,TIME,5.0,54.0,13.0,6.5,9.0,82.5,0,0.0,0.0,static_build_v18@bfe85ac
1INCH-USD,2023-11-08,0.3674019873142242,2023-11-08,0.3674019873142242,TIME,5.0,54.0,13.0,12.5,8.0,87.5,0,0.0,0.0,static_build_v18@bfe85ac
1INCH-USD,2023-11-09,0.3723140060901642,2023-11-09,0.3723140060901642,TIME,5.0,54.0,13.0,10.0,8.0,85.0,0,0.0,0.0,static_build_v18@bfe85ac
1INCH-USD,2023-11-10,0.3843570053577423,2023-11-10,0.3843570053577423,TIME,5.0,54.0,13.0,6.5,8.0,81.5,0,0.0,0.0,static_build_v18@bfe85ac
1INCH-USD,2023-11-11,0.3853679895401001,2023-11-11,0.3853679895401001,TIME,5.0,54.0,13.0,6.5,8.0,81.5,0,0.0,0.0,static_build_v18@bfe85ac
1INCH-USD,2023-11-12,0.3809289932250976,2023-11-12,0.3809289932250976,TIME,5.0,54.0,13.0,6.5,8.0,81.5,0,0.0,0.0,static_build_v18@bfe85ac
1INCH-USD,2023-11-13,0.3579840064048767,2023-11-13,0.3579840064048767,TIME,5.0,42.8,13.0,6.5,8.0,70.3,0,0.0,0.0,static_build_v18@bfe85ac
1INCH-USD,2023-11-14,0.3492090106010437,2023-11-14,0.3492090106010437,TIME,5.0,42.8,13.0,6.5,8.0,70.3,0,0.0,0.0,static_build_v18@bfe85ac
1INCH-USD,2023-11-15,0.3716390132904053,2023-11-15,0.3716390132904053,TIME,5.0,54.0,13.0,6.5,8.0,81.5,0,0.0,0.0,static_build_v18@bfe85ac
1INCH-USD,2023-11-16,0.3565239906311035,2023-11-16,0.3565239906311035,TIME,5.0,42.8,13.0,6.5,5.0,67.3,0,0.0,0.0,static_build_v18@bfe85ac
1INCH-USD,2023-11-17,0.3550379872322082,2023-11-17,0.3550379872322082,TIME,5.0,42.8,13.0,6.5,5.0,67.3,0,0.0,0.0,static_build_v18@bfe85ac
1INCH-USD,2023-11-18,0.3504700064659118,2023-11-18,0.3504700064659118,TIME,5.0,42.8,13.0,6.5,5.0,67.3,0,0.0,0.0,static_build_v18@bfe85ac
1INCH-USD,2023-11-19,0.3659960031509399,2023-11-19,0.3659960031509399,TIME,5.0,54.0,13.0,6.5,6.0,79.5,0,0.0,0.0,static_build_v18@bfe85ac
1INCH-USD,2023-11-20,0.3561480045318603,2023-11-20,0.3561480045318603,TIME,5.0,42.8,10.5,6.5,5.0,64.8,0,0.0,0.0,static_build_v18@bfe85ac
1INCH-USD,2023-11-21,0.325082004070282,2023-11-21,0.325082004070282,TIME,5.0,33.599999999999994,10.5,6.5,3.0,53.6,0,0.0,0.0,static_build_v18@bfe85ac
1INCH-USD,2023-11-22,0.352508008480072,2023-11-22,0.352508008480072,TIME,5.0,54.0,10.5,6.5,5.0,76.0,0,0.0,0.0,static_build_v18@bfe85ac
1INCH-USD,2023-11-23,0.3591180145740509,2023-11-23,0.3591180145740509,TIME,5.0,47.4,10.5,6.5,5.0,69.4,0,0.0,0.0,static_build_v18@bfe85ac
1INCH-USD,2023-11-24,0.3582260012626648,2023-11-24,0.3582260012626648,TIME,5.0,47.4,10.5,6.5,5.0,69.4,0,0.0,0.0,static_build_v18@bfe85ac
1INCH-USD,2023-11-25,0.3710959851741791,2023-11-25,0.3710959851741791,TIME,5.0,47.4,10.5,6.5,5.0,69.4,0,0.0,0.0,static_build_v18@bfe85ac
1INCH-USD,2023-11-26,0.3558430075645447,2023-11-26,0.3558430075645447,TIME,5.0,36.2,8.0,6.5,5.0,55.7,0,0.0,0.0,static_build_v18@bfe85ac
1INCH-USD,2023-11-27,0.3438180088996887,2023-11-27,0.3438180088996887,TIME,5.0,36.2,8.0,6.5,5.0,55.7,0,0.0,0.0,static_build_v18@bfe85ac
1INCH-USD,2023-11-28,0.3433330059051513,2023-11-28,0.3433330059051513,TIME,5.0,36.2,8.0,6.5,4.0,54.7,0,0.0,0.0,static_build_v18@bfe85ac
1INCH-USD,2023-11-29,0.3422749936580658,2023-11-29,0.3422749936580658,TIME,5.0,36.2,8.0,6.5,4.0,54.7,0,0.0,0.0,static_build_v18@bfe85ac
1INCH-USD,2023-12-01,0.3508819937705993,2023-12-01,0.3508819937705993,TIME,5.0,40.8,8.0,6.5,5.0,60.3,0,0.0,0.0,static_build_v18@bfe85ac
1INCH-USD,2023-12-02,0.357587993144989,2023-12-02,0.357587993144989,TIME,5.0,40.8,8.0,6.5,5.0,60.3,0,0.0,0.0,static_build_v18@bfe85ac
1INCH-USD,2023-12-03,0.3553709983825683,2023-12-03,0.3553709983825683,TIME,5.0,40.8,8.0,6.5,5.0,60.3,0,0.0,0.0,static_build_v18@bfe85ac
1INCH-USD,2023-12-04,0.3662860095500946,2023-12-04,0.3662860095500946,TIME,5.0,40.8,8.0,9.5,6.0,64.3,0,0.0,0.0,static_build_v18@bfe85ac
1INCH-USD,2023-12-05,0.3750869929790497,2023-12-05,0.3750869929790497,TIME,5.0,40.8,8.0,8.25,7.0,64.05,0,0.0,0.0,static_build_v18@bfe85ac
1INCH-USD,2023-12-06,0.3733440041542053,2023-12-06,0.3733440041542053,TIME,5.0,40.8,8.0,8.25,9.0,66.05,0,0.0,0.0,static_build_v18@bfe85ac
1INCH-USD,2023-12-07,0.3873319923877716,2023-12-07,0.3873319923877716,TIME,5.0,40.8,8.0,8.25,9.0,66.05,0,0.0,0.0,static_build_v18@bfe85ac
1INCH-USD,2023-12-08,0.4107019901275635,2023-12-08,0.4107019901275635,TIME,5.0,47.4,8.0,8.25,9.0,72.65,0,0.0,0.0,static_build_v18@bfe85ac
1INCH-USD,2023-12-09,0.404336005449295,2023-12-09,0.404336005449295,TIME,5.0,47.4,8.0,8.25,9.0,72.65,0,0.0,0.0,static_build_v18@bfe85ac
1INCH-USD,2023-12-10,0.4013350009918213,2023-12-10,0.4013350009918213,TIME,5.0,47.4,8.0,6.5,8.0,69.9,0,0.0,0.0,static_build_v18@bfe85ac
1INCH-USD,2023-12-11,0.3638989925384521,2023-12-11,0.3638989925384521,TIME,5.0,36.2,10.5,8.25,7.0,61.95,0,0.0,0.0,static_build_v18@bfe85ac
1INCH-USD,2023-12-14,0.3822549879550934,2023-12-14,0.3822549879550934,TIME,5.0,40.8,10.5,6.5,5.0,62.8,0,0.0,0.0,static_build_v18@bfe85ac
1INCH-USD,2023-12-16,0.3761009871959686,2023-12-16,0.3761009871959686,TIME,5.0,40.8,10.5,6.5,5.0,62.8,0,0.0,0.0,static_build_v18@bfe85ac
1INCH-USD,2023-12-20,0.3697730004787445,2023-12-20,0.3697730004787445,TIME,5.0,40.8,10.5,6.5,5.0,62.8,0,0.0,0.0,static_build_v18@bfe85ac
1INCH-USD,2023-12-21,0.3912990093231201,2023-12-21,0.3912990093231201,TIME,5.0,40.8,10.5,6.5,5.0,62.8,0,0.0,0.0,static_build_v18@bfe85ac
1INCH-USD,2023-12-22,0.4096429944038391,2023-12-22,0.4096429944038391,TIME,5.0,40.8,10.5,6.5,9.0,66.8,0,0.0,0.0,static_build_v18@bfe85ac
1INCH-USD,2023-12-23,0.4214699864387512,2023-12-23,0.4214699864387512,TIME,5.0,40.8,10.5,6.5,9.0,66.8,0,0.0,0.0,static_build_v18@bfe85ac
1INCH-USD,2023-12-24,0.4206480085849762,2023-12-24,0.4206480085849762,TIME,5.0,40.8,10.5,8.25,8.0,67.55,0,0.0,0.0,static_build_v18@bfe85ac
1INCH-USD,2023-12-25,0.4499219954013824,2023-12-25,0.4499219954013824,TIME,5.0,40.8,10.5,6.5,9.0,66.8,0,0.0,0.0,static_build_v18@bfe85ac
1INCH-USD,2023-12-26,0.4574210047721863,2023-12-26,0.4574210047721863,TIME,5.0,40.8,10.5,10.0,9.0,70.3,0,0.0,0.0,static_build_v18@bfe85ac
1INCH-USD,2023-12-27,0.4475879967212677,2023-12-27,0.4475879967212677,TIME,5.0,40.8,10.5,6.5,9.0,66.8,0,0.0,0.0,static_build_v18@bfe85ac
1INCH-USD,2023-12-28,0.4284459948539734,2023-12-28,0.4284459948539734,TIME,5.0,40.8,10.5,6.5,8.0,65.8,0,0.0,0.0,static_build_v18@bfe85ac
1INCH-USD,2023-12-29,0.4315159916877746,2023-12-29,0.4315159916877746,TIME,5.0,40.8,10.5,6.5,8.0,65.8,0,0.0,0.0,static_build_v18@bfe85ac
1INCH-USD,2023-12-31,0.4265100061893463,2023-12-31,0.4265100061893463,TIME,5.0,40.8,10.5,6.5,7.0,64.8,0,0.0,0.0,static_build_v18@bfe85ac
1INCH-USD,2024-01-01,0.4886890053749084,2024-01-01,0.4886890053749084,TIME,5.0,40.8,13.0,12.5,8.0,74.3,0,0.0,0.0,static_build_v18@bfe85ac
1INCH-USD,2024-01-02,0.4737440049648285,2024-01-02,0.4737440049648285,TIME,5.0,40.8,13.0,8.25,8.0,70.05,0,0.0,0.0,static_build_v18@bfe85ac
1INCH-USD,2024-01-04,0.4568620026111603,2024-01-04,0.4568620026111603,TIME,5.0,40.8,13.0,10.0,7.0,70.8,0,0.0,0.0,static_build_v18@bfe85ac
1INCH-USD,2024-01-05,0.4827449917793274,2024-01-05,0.4827449917793274,TIME,5.0,40.8,13.0,10.0,8.0,71.8,0,0.0,0.0,static_build_v18@bfe85ac
1INCH-USD,2024-01-06,0.4648950099945068,2024-01-06,0.4648950099945068,TIME,5.0,40.8,13.0,6.5,7.0,67.3,0,0.0,0.0,static_build_v18@bfe85ac
1INCH-USD,2024-01-11,0.5163400173187256,2024-01-11,0.5163400173187256,TIME,5.0,40.8,13.0,6.5,9.0,69.3,0,0.0,0.0,static_build_v18@bfe85ac
1INCH-USD,2024-01-12,0.4788030087947845,2024-01-12,0.4788030087947845,TIME,5.0,40.8,13.0,6.5,7.0,67.3,0,0.0,0.0,static_build_v18@bfe85ac
1INCH-USD,2024-01-13,0.4891090095043182,2024-01-13,0.4891090095043182,TIME,5.0,40.8,13.0,6.5,7.0,67.3,0,0.0,0.0,static_build_v18@bfe85ac
1INCH-USD,2024-02-23,0.4712480008602142,2024-02-23,0.4712480008602142,TIME,5.0,40.8,10.5,12.5,8.0,71.8,0,0.0,0.0,static_build_v18@bfe85ac
1INCH-USD,2024-02-24,0.4942589998245239,2024-02-24,0.4942589998245239,TIME,5.0,40.8,13.0,11.25,8.0,73.05,0,0.0,0.0,static_build_v18@bfe85ac
1INCH-USD,2024-02-25,0.496161013841629,2024-02-25,0.496161013841629,TIME,5.0,40.8,13.0,6.5,8.0,68.3,0,0.0,0.0,static_build_v18@bfe85ac
1INCH-USD,2024-02-26,0.4954530000686645,2024-02-26,0.4954530000686645,TIME,5.0,40.8,10.5,6.5,8.0,65.8,0,0.0,0.0,static_build_v18@bfe85ac
1INCH-USD,2024-02-27,0.4880369901657104,2024-02-27,0.4880369901657104,TIME,5.0,40.8,10.5,6.5,8.0,65.8,0,0.0,0.0,static_build_v18@bfe85ac
1INCH-USD,2024-02-28,0.5012400150299072,2024-02-28,0.5012400150299072,TIME,5.0,40.8,10.5,8.25,8.0,67.55,0,0.0,0.0,static_build_v18@bfe85ac
1INCH-USD,2024-02-29,0.5094149708747864,2024-02-29,0.5094149708747864,TIME,5.0,40.8,13.0,8.25,8.0,70.05,0,0.0,0.0,static_build_v18@bfe85ac
1INCH-USD,2024-03-01,0.5507919788360596,2024-03-01,0.5507919788360596,TIME,5.0,47.4,13.0,6.5,9.0,75.9,0,0.0,0.0,static_build_v18@bfe85ac
1INCH-USD,2024-03-02,0.5817959904670715,2024-03-02,0.5817959904670715,TIME,5.0,47.4,13.0,6.5,9.0,75.9,0,0.0,0.0,static_build_v18@bfe85ac
1INCH-USD,2024-03-03,0.5894899964332581,2024-03-03,0.5894899964332581,TIME,5.0,47.4,13.0,6.5,9.0,75.9,0,0.0,0.0,static_build_v18@bfe85ac
1INCH-USD,2024-03-04,0.5903800129890442,2024-03-04,0.5903800129890442,TIME,5.0,47.4,13.0,6.5,9.0,75.9,0,0.0,0.0,static_build_v18@bfe85ac
1INCH-USD,2024-03-05,0.5413050055503845,2024-03-05,0.5413050055503845,TIME,5.0,47.4,13.0,8.25,8.0,76.65,0,0.0,0.0,static_build_v18@bfe85ac
1INCH-USD,2024-03-06,0.6338179707527161,2024-03-06,0.6338179707527161,TIME,5.0,47.4,13.0,10.0,9.0,79.4,0,0.0,0.0,static_build_v18@bfe85ac
1INCH-USD,2024-03-07,0.6323879957199097,2024-03-07,0.6323879957199097,TIME,5.0,47.4,13.0,6.5,9.0,75.9,0,0.0,0.0,static_build_v18@bfe85ac
1INCH-USD,2024-03-08,0.6084870100021362,2024-03-08,0.6084870100021362,TIME,5.0,47.4,13.0,6.5,8.0,74.9,0,0.0,0.0,static_build_v18@bfe85ac
1INCH-USD,2024-03-09,0.6237519979476929,2024-03-09,0.6237519979476929,TIME,5.0,47.4,13.0,6.5,9.0,75.9,0,0.0,0.0,static_build_v18@bfe85ac
1INCH-USD,2024-03-10,0.6405280232429504,2024-03-10,0.6405280232429504,TIME,5.0,47.4,13.0,6.5,9.0,75.9,0,0.0,0.0,static_build_v18@bfe85ac
1INCH-USD,2024-03-11,0.6610239744186401,2024-03-11,0.6610239744186401,TIME,5.0,47.4,13.0,6.5,9.0,75.9,0,0.0,0.0,static_build_v18@bfe85ac
1INCH-USD,2024-03-12,0.6580989956855774,2024-03-12,0.6580989956855774,TIME,5.0,47.4,13.0,6.5,9.0,75.9,0,0.0,0.0,static_build_v18@bfe85ac
1INCH-USD,2024-03-13,0.6839039921760559,2024-03-13,0.6839039921760559,TIME,5.0,47.4,13.0,6.5,9.0,75.9,0,0.0,0.0,static_build_v18@bfe85ac
1INCH-USD,2024-03-14,0.6564080119132996,2024-03-14,0.6564080119132996,TIME,5.0,47.4,13.0,6.5,8.0,74.9,0,0.0,0.0,static_build_v18@bfe85ac
1INCH-USD,2024-05-28,0.4591799974441528,2024-05-28,0.4591799974441528,TIME,5.0,40.8,10.5,12.5,9.0,72.8,0,0.0,0.0,static_build_v18@bfe85ac
1INCH-USD,2024-05-29,0.492686003446579,2024-05-29,0.492686003446579,TIME,5.0,40.8,10.5,10.0,9.0,70.3,0,0.0,0.0,static_build_v18@bfe85ac
1INCH-USD,2024-05-30,0.5068269968032837,2024-05-30,0.5068269968032837,TIME,5.0,40.8,13.0,10.0,9.0,72.8,0,0.0,0.0,static_build_v18@bfe85ac
1INCH-USD,2024-05-31,0.4833219945430755,2024-05-31,0.4833219945430755,TIME,5.0,40.8,13.0,10.0,8.0,71.8,0,0.0,0.0,static_build_v18@bfe85ac
1INCH-USD,2024-06-01,0.4842030107975006,2024-06-01,0.4842030107975006,TIME,5.0,40.8,13.0,8.25,8.0,70.05,0,0.0,0.0,static_build_v18@bfe85ac
1INCH-USD,2024-06-02,0.468962013721466,2024-06-02,0.468962013721466,TIME,5.0,40.8,13.0,6.5,7.0,67.3,0,0.0,0.0,static_build_v18@bfe85ac
1INCH-USD,2024-06-03,0.4625360071659088,2024-06-03,0.4625360071659088,TIME,5.0,40.8,10.5,6.5,7.0,64.8,0,0.0,0.0,static_build_v18@bfe85ac
1INCH-USD,2024-06-04,0.4804680049419403,2024-06-04,0.4804680049419403,TIME,5.0,40.8,10.5,6.5,8.0,65.8,0,0.0,0.0,static_build_v18@bfe85ac
1INCH-USD,2024-06-05,0.4813480079174042,2024-06-05,0.4813480079174042,TIME,5.0,40.8,10.5,6.5,8.0,65.8,0,0.0,0.0,static_build_v18@bfe85ac
1INCH-USD,2024-06-06,0.4821909964084625,2024-06-06,0.4821909964084625,TIME,5.0,40.8,10.5,6.5,8.0,65.8,0,0.0,0.0,static_build_v18@bfe85ac
1INCH-USD,2024-06-19,0.4464559853076935,2024-06-19,0.4464559853076935,TIME,5.0,40.8,10.5,6.5,2.0,59.8,0,0.0,0.0,static_build_v18@bfe85ac
1INCH-USD,2024-07-10,0.4106040000915527,2024-07-10,0.4106040000915527,TIME,5.0,21.1,8.0,6.5,5.0,40.6,0,0.0,0.0,static_build_v18@bfe85ac
1INCH-USD,2024-07-13,0.4151079952716827,2024-07-13,0.4151079952716827,TIME,5.0,21.1,8.0,6.5,5.0,40.6,0,0.0,0.0,static_build_v18@bfe85ac
1INCH-USD,2024-07-14,0.4236190021038055,2024-07-14,0.4236190021038055,TIME,5.0,21.1,8.0,6.5,8.0,43.6,0,0.0,0.0,static_build_v18@bfe85ac
1INCH-USD,2024-07-15,0.4325309991836548,2024-07-15,0.4325309991836548,TIME,5.0,40.8,8.0,6.5,8.0,63.3,0,0.0,0.0,static_build_v18@bfe85ac
1INCH-USD,2024-07-16,0.4237230122089386,2024-07-16,0.4237230122089386,TIME,5.0,21.1,8.0,6.5,8.0,43.6,0,0.0,0.0,static_build_v18@bfe85ac
1INCH-USD,2024-07-17,0.4273349940776825,2024-07-17,0.4273349940776825,TIME,5.0,31.6,8.0,6.5,8.0,54.1,0,0.0,0.0,static_build_v18@bfe85ac
1INCH-USD,2024-07-19,0.4229800105094909,2024-07-19,0.4229800105094909,TIME,5.0,21.1,8.0,6.5,8.0,43.6,0,0.0,0.0,static_build_v18@bfe85ac
1INCH-USD,2024-07-20,0.4238530099391937,2024-07-20,0.4238530099391937,TIME,5.0,21.1,8.0,6.5,8.0,43.6,0,0.0,0.0,static_build_v18@bfe85ac
1INCH-USD,2024-07-21,0.432204008102417,2024-07-21,0.432204008102417,TIME,5.0,40.8,8.0,6.5,8.0,63.3,0,0.0,0.0,static_build_v18@bfe85ac
1INCH-USD,2024-08-20,0.2608729898929596,2024-08-20,0.2608729898929596,TIME,5.0,24.4,8.0,6.5,3.0,41.9,0,0.0,0.0,static_build_v18@bfe85ac
1INCH-USD,2024-08-21,0.2654399871826172,2024-08-21,0.2654399871826172,TIME,5.0,24.4,8.0,6.5,3.0,41.9,0,0.0,0.0,static_build_v18@bfe85ac
1INCH-USD,2024-08-22,0.2657339870929718,2024-08-22,0.2657339870929718,TIME,5.0,24.4,8.0,6.5,3.0,41.9,0,0.0,0.0,static_build_v18@bfe85ac
1INCH-USD,2024-08-23,0.2818880081176758,2024-08-23,0.2818880081176758,TIME,5.0,24.4,8.0,6.5,4.0,42.9,0,0.0,0.0,static_build_v18@bfe85ac
1INCH-USD,2024-08-24,0.2828699946403503,2024-08-24,0.2828699946403503,TIME,5.0,24.4,8.0,6.5,4.0,42.9,0,0.0,0.0,static_build_v18@bfe85ac
1INCH-USD,2024-08-25,0.2721399962902069,2024-08-25,0.2721399962902069,TIME,5.0,24.4,8.0,6.5,3.0,41.9,0,0.0,0.0,static_build_v18@bfe85ac
1INCH-USD,2024-09-04,0.2767080068588257,2024-09-04,0.2767080068588257,TIME,5.0,24.4,10.5,12.5,5.0,52.4,0,0.0,0.0,static_build_v18@bfe85ac
1INCH-USD,2024-09-09,0.263027012348175,2024-09-09,0.263027012348175,TIME,5.0,17.799999999999997,10.5,6.5,4.0,38.8,0,0.0,0.0,static_build_v18@bfe85ac
1INCH-USD,2024-09-10,0.2603009939193725,2024-09-10,0.2603009939193725,TIME,5.0,17.799999999999997,10.5,6.5,3.0,37.8,0,0.0,0.0,static_build_v18@bfe85ac
1INCH-USD,2024-09-20,0.2781180143356323,2024-09-20,0.2781180143356323,TIME,5.0,21.1,8.0,6.5,5.0,40.6,0,0.0,0.0,static_build_v18@bfe85ac
1INCH-USD,2024-09-21,0.2897669970989227,2024-09-21,0.2897669970989227,TIME,5.0,21.1,8.0,6.5,9.0,44.6,0,0.0,0.0,static_build_v18@bfe85ac
1INCH-USD,2024-09-22,0.2760800123214721,2024-09-22,0.2760800123214721,TIME,5.0,21.1,8.0,6.5,7.0,42.6,0,0.0,0.0,static_build_v18@bfe85ac
1INCH-USD,2024-09-23,0.2833229899406433,2024-09-23,0.2833229899406433,TIME,5.0,21.1,8.0,6.5,8.0,43.6,0,0.0,0.0,static_build_v18@bfe85ac
1INCH-USD,2024-09-24,0.2926119863986969,2024-09-24,0.2926119863986969,TIME,5.0,21.1,8.0,6.5,8.0,43.6,0,0.0,0.0,static_build_v18@bfe85ac
1INCH-USD,2024-09-25,0.293828010559082,2024-09-25,0.293828010559082,TIME,5.0,21.1,8.0,6.5,9.0,44.6,0,0.0,0.0,static_build_v18@bfe85ac
1INCH-USD,2024-09-26,0.3031199872493744,2024-09-26,0.3031199872493744,TIME,5.0,21.1,8.0,6.5,9.0,44.6,0,0.0,0.0,static_build_v18@bfe85ac
1INCH-USD,2024-09-27,0.3110280036926269,2024-09-27,0.3110280036926269,TIME,5.0,21.1,8.0,6.5,9.0,44.6,0,0.0,0.0,static_build_v18@bfe85ac
1INCH-USD,2024-09-28,0.3022159934043884,2024-09-28,0.3022159934043884,TIME,5.0,21.1,8.0,6.5,8.0,43.6,0,0.0,0.0,static_build_v18@bfe85ac
1INCH-USD,2024-09-29,0.2981370091438293,2024-09-29,0.2981370091438293,TIME,5.0,21.1,8.0,6.5,7.0,42.6,0,0.0,0.0,static_build_v18@bfe85ac
1INCH-USD,2024-10-14,0.2715289890766144,2024-10-14,0.2715289890766144,TIME,5.0,21.1,8.0,6.5,2.0,37.6,0,0.0,0.0,static_build_v18@bfe85ac
1INCH-USD,2024-10-15,0.2768250107765198,2024-10-15,0.2768250107765198,TIME,5.0,21.1,8.0,8.25,5.0,42.35,0,0.0,0.0,static_build_v18@bfe85ac
1INCH-USD,2024-10-18,0.2706789970397949,2024-10-18,0.2706789970397949,TIME,5.0,21.1,8.0,6.5,4.0,39.6,0,0.0,0.0,static_build_v18@bfe85ac
1INCH-USD,2024-10-19,0.2724579870700836,2024-10-19,0.2724579870700836,TIME,5.0,21.1,8.0,6.5,8.0,43.6,0,0.0,0.0,static_build_v18@bfe85ac
1INCH-USD,2024-10-20,0.2909289896488189,2024-10-20,0.2909289896488189,TIME,5.0,21.1,8.0,12.5,9.0,50.6,0,0.0,0.0,static_build_v18@bfe85ac
1INCH-USD,2024-10-21,0.2786239981651306,2024-10-21,0.2786239981651306,TIME,5.0,21.1,8.0,6.5,7.0,42.6,0,0.0,0.0,static_build_v18@bfe85ac
1INCH-USD,2024-10-22,0.2749109864234924,2024-10-22,0.2749109864234924,TIME,5.0,21.1,8.0,6.5,7.0,42.6,0,0.0,0.0,static_build_v18@bfe85ac
1INCH-USD,2024-10-24,0.2744669914245605,2024-10-24,0.2744669914245605,TIME,5.0,21.1,8.0,6.5,7.0,42.6,0,0.0,0.0,static_build_v18@bfe85ac
1INCH-USD,2024-11-06,0.2631619870662689,2024-11-06,0.2631619870662689,TIME,5.0,21.1,10.5,8.25,2.0,41.85,0,0.0,0.0,static_build_v18@bfe85ac
1INCH-USD,2024-11-07,0.2630369961261749,2024-11-07,0.2630369961261749,TIME,5.0,21.1,10.5,8.25,4.0,43.85,0,0.0,0.0,static_build_v18@bfe85ac
1INCH-USD,2024-11-08,0.2666749954223633,2024-11-08,0.2666749954223633,TIME,5.0,21.1,8.0,6.5,5.0,40.6,0,0.0,0.0,static_build_v18@bfe85ac
1INCH-USD,2024-11-09,0.276172012090683,2024-11-09,0.276172012090683,TIME,5.0,21.1,8.0,6.5,5.0,40.6,0,0.0,0.0,static_build_v18@bfe85ac
1INCH-USD,2024-11-10,0.2878080010414123,2024-11-10,0.2878080010414123,TIME,5.0,31.6,10.5,10.0,9.0,61.1,0,0.0,0.0,static_build_v18@bfe85ac
1INCH-USD,2024-11-11,0.3076780140399933,2024-11-11,0.3076780140399933,TIME,5.0,31.6,10.5,10.0,9.0,61.1,0,0.0,0.0,static_build_v18@bfe85ac
1INCH-USD,2024-11-12,0.305633008480072,2024-11-12,0.305633008480072,TIME,5.0,31.6,10.5,10.0,9.0,61.1,0,0.0,0.0,static_build_v18@bfe85ac
1INCH-USD,2024-11-13,0.2891159951686859,2024-11-13,0.2891159951686859,TIME,5.0,31.6,13.0,10.0,7.0,61.6,0,0.0,0.0,static_build_v18@bfe85ac
1INCH-USD,2024-11-14,0.2740350067615509,2024-11-14,0.2740350067615509,TIME,5.0,9.9,13.0,6.5,7.0,36.4,0,0.0,0.0,static_build_v18@bfe85ac
1INCH-USD,2024-11-15,0.287339985370636,2024-11-15,0.287339985370636,TIME,5.0,31.6,13.0,6.5,7.0,58.1,0,0.0,0.0,static_build_v18@bfe85ac
1INCH-USD,2024-11-16,0.3169130086898803,2024-11-16,0.3169130086898803,TIME,5.0,31.6,13.0,8.25,9.0,61.85,0,0.0,0.0,static_build_v18@bfe85ac
1INCH-USD,2024-11-17,0.3006500005722046,2024-11-17,0.3006500005722046,TIME,5.0,31.6,13.0,6.5,8.0,59.1,0,0.0,0.0,static_build_v18@bfe85ac
1INCH-USD,2024-11-18,0.3328810036182403,2024-11-18,0.3328810036182403,TIME,5.0,40.8,13.0,8.25,9.0,71.05,0,0.0,0.0,static_build_v18@bfe85ac
1INCH-USD,2024-11-19,0.337211012840271,2024-11-19,0.337211012840271,TIME,5.0,47.4,13.0,12.5,9.0,81.9,0,0.0,0.0,static_build_v18@bfe85ac
1INCH-USD,2024-11-20,0.3201760053634643,2024-11-20,0.3201760053634643,TIME,5.0,47.4,13.0,6.5,8.0,74.9,0,0.0,0.0,static_build_v18@bfe85ac
1INCH-USD,2024-11-21,0.3363339900970459,2024-11-21,0.3363339900970459,TIME,5.0,47.4,13.0,6.5,8.0,74.9,0,0.0,0.0,static_build_v18@bfe85ac
1INCH-USD,2024-11-22,0.353747010231018,2024-11-22,0.353747010231018,TIME,5.0,47.4,13.0,6.5,9.0,75.9,0,0.0,0.0,static_build_v18@bfe85ac
1INCH-USD,2024-11-23,0.3768680095672607,2024-11-23,0.3768680095672607,TIME,5.0,47.4,13.0,8.25,9.0,77.65,0,0.0,0.0,static_build_v18@bfe85ac
1INCH-USD,2024-11-24,0.3952440023422241,2024-11-24,0.3952440023422241,TIME,5.0,47.4,13.0,8.25,9.0,77.65,0,0.0,0.0,static_build_v18@bfe85ac
1INCH-USD,2024-11-25,0.382872998714447,2024-11-25,0.382872998714447,TIME,5.0,47.4,13.0,6.5,9.0,75.9,0,0.0,0.0,static_build_v18@bfe85ac
1INCH-USD,2024-11-26,0.3893010020256042,2024-11-26,0.3893010020256042,TIME,5.0,47.4,13.0,6.5,9.0,75.9,0,0.0,0.0,static_build_v18@bfe85ac
1INCH-USD,2024-11-27,0.4302439987659454,2024-11-27,0.4302439987659454,TIME,5.0,54.0,13.0,6.5,9.0,82.5,0,0.0,0.0,static_build_v18@bfe85ac
1INCH-USD,2024-11-28,0.4171389937400818,2024-11-28,0.4171389937400818,TIME,5.0,54.0,13.0,6.5,9.0,82.5,0,0.0,0.0,static_build_v18@bfe85ac
1INCH-USD,2024-11-29,0.4263679981231689,2024-11-29,0.4263679981231689,TIME,5.0,54.0,13.0,6.5,9.0,82.5,0,0.0,0.0,static_build_v18@bfe85ac
1INCH-USD,2024-11-30,0.4444299936294555,2024-11-30,0.4444299936294555,TIME,5.0,54.0,13.0,6.5,9.0,82.5,0,0.0,0.0,static_build_v18@bfe85ac
1INCH-USD,2024-12-01,0.4448319971561432,2024-12-01,0.4448319971561432,TIME,5.0,54.0,13.0,6.5,9.0,82.5,0,0.0,0.0,static_build_v18@bfe85ac
1INCH-USD,2024-12-02,0.4886490106582641,2024-12-02,0.4886490106582641,TIME,5.0,54.0,13.0,10.0,9.0,86.0,0,0.0,0.0,static_build_v18@bfe85ac
1INCH-USD,2024-12-03,0.5114910006523132,2024-12-03,0.5114910006523132,TIME,5.0,54.0,13.0,10.0,9.0,86.0,0,0.0,0.0,static_build_v18@bfe85ac
1INCH-USD,2024-12-04,0.5224829912185669,2024-12-04,0.5224829912185669,TIME,5.0,54.0,13.0,10.0,9.0,86.0,0,0.0,0.0,static_build_v18@bfe85ac
1INCH-USD,2024-12-05,0.5150820016860962,2024-12-05,0.5150820016860962,TIME,5.0,54.0,13.0,8.25,9.0,84.25,0,0.0,0.0,static_build_v18@bfe85ac
1INCH-USD,2024-12-06,0.5477970242500305,2024-12-06,0.5477970242500305,TIME,5.0,54.0,13.0,8.25,9.0,84.25,0,0.0,0.0,static_build_v18@bfe85ac
1INCH-USD,2024-12-07,0.5335040092468262,2024-12-07,0.5335040092468262,TIME,5.0,54.0,13.0,6.5,9.0,82.5,0,0.0,0.0,static_build_v18@bfe85ac
1INCH-USD,2024-12-08,0.6085829734802246,2024-12-08,0.6085829734802246,TIME,5.0,54.0,13.0,8.25,9.0,84.25,0,0.0,0.0,static_build_v18@bfe85ac
1INCH-USD,2024-12-09,0.4769429862499237,2024-12-09,0.4769429862499237,TIME,5.0,42.8,13.0,10.0,7.0,72.8,0,0.0,0.0,static_build_v18@bfe85ac
1INCH-USD,2024-12-10,0.4332920014858246,2024-12-10,0.4332920014858246,TIME,5.0,42.8,13.0,8.25,5.0,69.05,0,0.0,0.0,static_build_v18@bfe85ac
1INCH-USD,2024-12-11,0.4925419986248016,2024-12-11,0.4925419986248016,TIME,5.0,54.0,13.0,6.5,5.0,78.5,0,0.0,0.0,static_build_v18@bfe85ac
1INCH-USD,2024-12-12,0.516746997833252,2024-12-12,0.516746997833252,TIME,5.0,54.0,13.0,6.5,5.0,78.5,0,0.0,0.0,static_build_v18@bfe85ac
1INCH-USD,2024-12-13,0.5095300078392029,2024-12-13,0.5095300078392029,TIME,5.0,54.0,13.0,6.5,5.0,78.5,0,0.0,0.0,static_build_v18@bfe85ac
1INCH-USD,2024-12-14,0.4793309867382049,2024-12-14,0.4793309867382049,TIME,5.0,42.8,13.0,6.5,5.0,67.3,0,0.0,0.0,static_build_v18@bfe85ac
1INCH-USD,2024-12-15,0.4981809854507446,2024-12-15,0.4981809854507446,TIME,5.0,54.0,13.0,6.5,5.0,78.5,0,0.0,0.0,static_build_v18@bfe85ac
1INCH-USD,2024-12-16,0.4904209971427917,2024-12-16,0.4904209971427917,TIME,5.0,42.8,13.0,6.5,5.0,67.3,0,0.0,0.0,static_build_v18@bfe85ac
1INCH-USD,2024-12-17,0.4691109955310821,2024-12-17,0.4691109955310821,TIME,5.0,36.2,10.5,6.5,5.0,58.2,0,0.0,0.0,static_build_v18@bfe85ac
1INCH-USD,2025-01-04,0.4264560043811798,2025-01-04,0.4264560043811798,TIME,5.0,40.8,8.0,6.5,5.0,60.3,0,0.0,0.0,static_build_v18@bfe85ac
1INCH-USD,2025-01-05,0.4305050075054168,2025-01-05,0.4305050075054168,TIME,5.0,40.8,8.0,6.5,5.0,60.3,0,0.0,0.0,static_build_v18@bfe85ac
1INCH-USD,2025-01-06,0.4369640052318573,2025-01-06,0.4369640052318573,TIME,5.0,40.8,8.0,6.5,5.0,60.3,0,0.0,0.0,static_build_v18@bfe85ac
1INCH-USD,2025-03-23,0.2107609957456588,2025-03-23,0.2107609957456588,TIME,5.0,24.4,8.0,6.5,3.0,41.9,0,0.0,0.0,static_build_v18@bfe85ac
1INCH-USD,2025-03-24,0.2155569940805435,2025-03-24,0.2155569940805435,TIME,5.0,24.4,8.0,6.5,4.0,42.9,0,0.0,0.0,static_build_v18@bfe85ac
1INCH-USD,2025-03-25,0.2166409939527511,2025-03-25,0.2166409939527511,TIME,5.0,24.4,8.0,6.5,4.0,42.9,0,0.0,0.0,static_build_v18@bfe85ac
1INCH-USD,2025-04-12,0.1782550066709518,2025-04-12,0.1782550066709518,TIME,5.0,17.799999999999997,10.5,6.5,3.0,37.8,0,0.0,0.0,static_build_v18@bfe85ac
1INCH-USD,2025-04-18,0.1706710010766983,2025-04-18,0.1706710010766983,TIME,5.0,17.799999999999997,8.0,6.5,3.0,35.3,0,0.0,0.0,static_build_v18@bfe85ac
1INCH-USD,2025-04-19,0.1754450052976608,2025-04-19,0.1754450052976608,TIME,5.0,17.799999999999997,8.0,6.5,3.0,35.3,0,0.0,0.0,static_build_v18@bfe85ac
1INCH-USD,2025-04-20,0.1738619953393936,2025-04-20,0.1738619953393936,TIME,5.0,17.799999999999997,8.0,6.5,4.0,36.3,0,0.0,0.0,static_build_v18@bfe85ac
1INCH-USD,2025-04-21,0.174124002456665,2025-04-21,0.174124002456665,TIME,5.0,17.799999999999997,8.0,6.5,3.0,35.3,0,0.0,0.0,static_build_v18@bfe85ac
1INCH-USD,2025-04-22,0.1848029941320419,2025-04-22,0.1848029941320419,TIME,5.0,17.799999999999997,8.0,6.5,5.0,37.3,0,0.0,0.0,static_build_v18@bfe85ac
1INCH-USD,2025-04-23,0.1896139979362487,2025-04-23,0.1896139979362487,TIME,5.0,17.799999999999997,8.0,6.5,5.0,37.3,0,0.0,0.0,static_build_v18@bfe85ac
1INCH-USD,2025-04-24,0.1907220035791397,2025-04-24,0.1907220035791397,TIME,5.0,17.799999999999997,8.0,6.5,5.0,37.3,0,0.0,0.0,static_build_v18@bfe85ac
1INCH-USD,2025-04-26,0.2051129937171936,2025-04-26,0.2051129937171936,TIME,5.0,21.1,8.0,8.25,9.0,46.35,0,0.0,0.0,static_build_v18@bfe85ac
1INCH-USD,2025-04-27,0.19963900744915,2025-04-27,0.19963900744915,TIME,5.0,21.1,8.0,8.25,9.0,46.35,0,0.0,0.0,static_build_v18@bfe85ac
1INCH-USD,2025-04-28,0.2044419944286346,2025-04-28,0.2044419944286346,TIME,5.0,21.1,8.0,6.5,9.0,44.6,0,0.0,0.0,static_build_v18@bfe85ac
1INCH-USD,2025-04-29,0.2061869949102401,2025-04-29,0.2061869949102401,TIME,5.0,27.700000000000003,8.0,8.25,9.0,52.95,0,0.0,0.0,static_build_v18@bfe85ac
1INCH-USD,2025-04-30,0.2062859982252121,2025-04-30,0.2062859982252121,TIME,5.0,27.700000000000003,8.0,6.5,9.0,51.2,0,0.0,0.0,static_build_v18@bfe85ac
1INCH-USD,2025-05-01,0.2090760022401809,2025-05-01,0.2090760022401809,TIME,5.0,27.700000000000003,8.0,6.5,9.0,51.2,0,0.0,0.0,static_build_v18@bfe85ac
1INCH-USD,2025-05-02,0.2095319926738739,2025-05-02,0.2095319926738739,TIME,5.0,27.700000000000003,8.0,6.5,9.0,51.2,0,0.0,0.0,static_build_v18@bfe85ac
1INCH-USD,2025-05-08,0.2195219993591308,2025-05-08,0.2195219993591308,TIME,5.0,21.1,10.5,9.5,9.0,50.1,0,0.0,0.0,static_build_v18@bfe85ac
1INCH-USD,2025-05-09,0.2276829928159713,2025-05-09,0.2276829928159713,TIME,5.0,31.6,10.5,10.0,9.0,61.1,0,0.0,0.0,static_build_v18@bfe85ac
1INCH-USD,2025-05-10,0.2447520047426223,2025-05-10,0.2447520047426223,TIME,5.0,31.6,10.5,6.5,9.0,57.6,0,0.0,0.0,static_build_v18@bfe85ac
1INCH-USD,2025-05-11,0.2339020073413849,2025-05-11,0.2339020073413849,TIME,5.0,31.6,13.0,6.5,9.0,60.1,0,0.0,0.0,static_build_v18@bfe85ac
1INCH-USD,2025-05-12,0.2346689999103546,2025-05-12,0.2346689999103546,TIME,5.0,38.2,13.0,6.5,9.0,66.7,0,0.0,0.0,static_build_v18@bfe85ac
1INCH-USD,2025-05-13,0.2476409971714019,2025-05-13,0.2476409971714019,TIME,5.0,38.2,13.0,6.5,9.0,66.7,0,0.0,0.0,static_build_v18@bfe85ac
1INCH-USD,2025-05-14,0.2363689988851547,2025-05-14,0.2363689988851547,TIME,5.0,38.2,13.0,6.5,9.0,66.7,0,0.0,0.0,static_build_v18@bfe85ac
1INCH-USD,2025-05-15,0.2268960028886795,2025-05-15,0.2268960028886795,TIME,5.0,38.2,13.0,6.5,7.0,64.7,0,0.0,0.0,static_build_v18@bfe85ac
1INCH-USD,2025-05-16,0.2258020043373108,2025-05-16,0.2258020043373108,TIME,5.0,16.5,13.0,6.5,7.0,43.0,0,0.0,0.0,static_build_v18@bfe85ac
1INCH-USD,2025-05-18,0.2262469977140426,2025-05-18,0.2262469977140426,TIME,5.0,21.1,13.0,6.5,5.0,45.6,0,0.0,0.0,static_build_v18@bfe85ac
1INCH-USD,2025-05-19,0.2261810004711151,2025-05-19,0.2261810004711151,TIME,5.0,21.1,13.0,6.5,5.0,45.6,0,0.0,0.0,static_build_v18@bfe85ac
1INCH-USD,2025-05-20,0.2253620028495788,2025-05-20,0.2253620028495788,TIME,5.0,21.1,13.0,6.5,5.0,45.6,0,0.0,0.0,static_build_v18@bfe85ac
1INCH-USD,2025-05-21,0.2310190051794052,2025-05-21,0.2310190051794052,TIME,5.0,31.6,10.5,6.5,5.0,53.6,0,0.0,0.0,static_build_v18@bfe85ac
1INCH-USD,2025-05-22,0.2416940033435821,2025-05-22,0.2416940033435821,TIME,5.0,31.6,10.5,6.5,7.0,55.6,0,0.0,0.0,static_build_v18@bfe85ac
1INCH-USD,2025-05-24,0.2285680025815963,2025-05-24,0.2285680025815963,TIME,5.0,31.6,10.5,6.5,5.0,53.6,0,0.0,0.0,static_build_v18@bfe85ac
1INCH-USD,2025-05-26,0.2285660058259964,2025-05-26,0.2285660058259964,TIME,5.0,31.6,10.5,6.5,5.0,53.6,0,0.0,0.0,static_build_v18@bfe85ac
1INCH-USD,2025-05-27,0.2354670017957687,2025-05-27,0.2354670017957687,TIME,5.0,31.6,10.5,6.5,5.0,53.6,0,0.0,0.0,static_build_v18@bfe85ac
1INCH-USD,2025-05-28,0.2351039946079254,2025-05-28,0.2351039946079254,TIME,5.0,31.6,8.0,6.5,5.0,51.1,0,0.0,0.0,static_build_v18@bfe85ac
1INCH-USD,2025-05-29,0.2341970056295395,2025-05-29,0.2341970056295395,TIME,5.0,31.6,8.0,6.5,5.0,51.1,0,0.0,0.0,static_build_v18@bfe85ac
