date,ret,equity,drawdown,leverage
2020-07-20,0.0,1.0,0.0,0.0
2020-07-21,-0.0,1.0,0.0,0.0
2020-07-22,0.0,1.0,0.0,0.0
2020-07-23,0.0,1.0,0.0,0.0
2020-07-24,0.0,1.0,0.0,0.0
2020-07-25,-0.0,1.0,0.0,0.0
2020-07-26,-0.0,1.0,0.0,0.0
2020-07-27,-0.0,1.0,0.0,0.0
2020-08-02,0.0,1.0,0.0,0.0
2020-08-03,0.0,1.0,0.0,0.0
2020-08-04,0.0,1.0,0.0,0.0
2020-08-05,0.0,1.0,0.0,0.0
2020-08-06,0.0,1.0,0.0,0.0
2020-08-07,0.0,1.0,0.0,0.0
2020-08-08,0.0,1.0,0.0,0.0
2020-08-09,0.0,1.0,0.0,0.0
2020-08-10,0.0,1.0,0.0,0.0
2020-08-11,-0.0,1.0,0.0,0.0
2020-08-12,0.0,1.0,0.0,0.0
2020-08-13,0.0,1.0,0.0,0.0
2020-08-14,0.0,1.0,0.0,0.0
2020-08-15,-0.0,1.0,0.0,0.0
2020-08-16,0.0,1.0,0.0,0.0
2020-08-17,-0.0,1.0,0.0,0.0
2020-08-18,-0.0,1.0,0.0,0.0
2020-08-19,-0.0,1.0,0.0,0.0
2020-08-20,0.0,1.0,0.0,0.0
2020-08-21,0.0,1.0,0.0,0.0
2020-08-22,0.0,1.0,0.0,0.0
2020-08-23,0.00046535221786735533,1.0004653522178673,0.0,0.06073240184886915
2020-08-24,0.0029349905083373975,1.003401708530547,0.0,0.06174973120338952
2020-08-25,-0.00490284559906098,0.9984821848797879,-0.0049028455990609565,0.06088539707255443
2020-08-26,0.0020956334707099944,1.0005746375663298,-0.0028174866956898192,0.06180986914100247
2020-08-27,-0.005194040558948055,0.9953776123165556,-0.007996893114466164,0.06100249456742426
2020-08-28,0.002764159303249906,0.9981289946038872,-0.005254838497715575,0.06191460474393199
2020-09-07,0.0,0.9981289946038872,-0.005254838497715575,0.06258275755825808
2020-09-08,-0.0009554168703817812,0.9971753653236254,-0.006205234806745619,0.06309496798149153
2020-09-09,0.007942856831030156,1.0050957864858212,0.0,0.06346848457345007
2020-09-10,0.009257823393259774,1.0144007857704165,0.0,0.06356458729903079
2020-09-11,0.0012571090402910413,1.015675998168687,0.0,0.06429898373517832
2020-09-12,0.004786558205221565,1.0205375904515679,0.0,0.0650809803386404
2020-09-13,-0.005214923563046886,1.015215564924147,-0.005214923563046758,0.06439821811228899
2020-09-14,-0.0002313134491645467,1.014980731910179,-0.005445030730254818,0.0649478349804071
2020-09-15,-0.007123023243745078,1.0077510005648294,-0.012529268893545331,0.06371831036661073
2020-09-16,-0.0028042204013898463,1.0049250446495244,-0.015298354463489483,0.06386978433062984
2020-09-24,0.0,1.0049250446495244,-0.015298354463489483,0.06445500944720071
2020-09-25,0.0017121966222945193,1.0066456739166325,-0.013612351632033892,0.06514860584179784
2020-09-26,0.004767299090671943,1.0114446549225242,-0.008909946692919224,0.06578251236880914
2020-09-27,0.015469871541630624,1.0270915738056445,0.0,0.06363008259411033
2020-09-28,-0.004129381483597843,1.022850320878812,-0.0041293814835979825,0.06347154818187711
2020-09-29,0.0008617032354608628,1.0237317143097053,-0.003271236549522105,0.06405407703063518
2020-09-30,0.005877474262641147,1.02974867111241,0.0,0.06454476758964177
2020-10-01,-0.006864324032962527,1.0226801425613818,-0.006864324032962554,0.06369822991350806
2020-10-02,-0.005920941887473089,1.0166249128678033,-0.01274462265673959,0.0631992083324931
2020-10-20,0.0,1.0166249128678033,-0.01274462265673959,0.06370134454247198
2020-10-21,0.019710525400085624,1.036663124035244,0.0,0.05974345222954977
2020-10-22,0.007895053965099147,1.0448476353431304,0.0,0.05991201884456551
2020-10-23,-0.001663272824260665,1.043109768665771,-0.0016632728242607087,0.06019128521254347
2020-10-24,0.004017340765347671,1.0473002960621645,0.0,0.060693460513719946
2020-10-25,0.00750653323972886,1.055161890546533,0.0,0.06091714806298926
2020-10-26,-0.003792197039281223,1.05116050874924,-0.003792197039281353,0.06045888940329525
2020-10-27,-0.00392344292100276,1.0470363404923502,-0.007700761491655217,0.0599965972927634
2020-10-28,-0.0029432504379318493,1.0439546503246655,-0.01062134665995429,0.06005866958908639
2020-10-29,-0.008656399154603684,1.0349177621721504,-0.019185803198310092,0.059964741108935536
2020-11-07,0.0,1.0349177621721504,-0.019185803198310092,0.06105390372194
2020-11-08,0.008711157257891785,1.0439330935474174,-0.01064177648919784,0.06054395258556042
2020-11-09,0.0011234307137065204,1.045105880047763,-0.009530301074047842,0.061024042154964826
2020-11-10,0.01087455088693316,1.0564709371225756,0.0,0.06258650295752503
2020-11-11,-0.0019352588085320068,1.054426392435551,-0.0019352588085319589,0.06240380649420712
2020-11-12,-0.005152120248144753,1.0489938608689056,-0.007077408370584015,0.06164519302029157
2020-11-13,0.011167335461757596,1.0607083272105529,0.0,0.0607240556115576
2020-11-14,0.002616338964293899,1.0634834997367848,0.0,0.0639699818921594
2020-11-15,0.0004330800820382919,1.0639440732580971,0.0,0.06422996214467133
2020-11-16,0.0051795194584754,1.0694547922882671,0.0,0.06412573081757127
2020-11-17,0.0028500533371950934,1.0725027954880075,0.0,0.06523617275803391
2020-11-18,-0.0019269760862225865,1.0704361082486953,-0.0019269760862226093,0.06720716736893415
2020-11-19,0.00459903849909818,1.075359085121356,0.0,0.067656987786214
2020-11-20,0.006553494457079955,1.0824064449250692,0.0,0.06779516673045254
2020-11-21,-0.006053098616168396,1.0758545319711614,-0.006053098616168429,0.06764861111801886
2020-11-22,0.00451164585337126,1.0807084066091597,-0.0015687622000689627,0.0678650588782008
2020-11-23,0.015184385532942444,1.0971182997038051,0.0,0.06531112371155483
2020-11-24,-0.002059992425993359,1.0948582443159967,-0.0020599924259933067,0.065225971207383
2020-11-25,0.0003006528452405344,1.0951874165622852,-0.0017599589233369128,0.06536625974393509
2020-11-26,-0.008260702813518907,1.0861403987889586,-0.010006123239226117,0.06402479426859004
2020-11-27,0.0012684599263581887,1.0875181243592211,-0.008750355679215116,0.06419231337652993
2020-11-28,0.014379190400240329,1.1031557545330946,0.0,0.06245864946406711
2020-11-29,-0.003483239692098339,1.0993131986223383,-0.0034832396920981834,0.0633961970656482
2020-11-30,0.004920611223591652,1.1047224914857217,0.0,0.06329335498791189
2020-12-01,-0.004031281808081034,1.1002690438028173,-0.004031281808080989,0.06306825275468912
2020-12-06,0.0,1.1002690438028173,-0.004031281808080989,0.06305046468647885
2020-12-07,0.005795576815605677,1.1066457375640095,0.0,0.06284067380267194
2020-12-08,0.0049925844977241635,1.112170759917844,0.0,0.06332523931929891
2020-12-09,0.010867770229631115,1.1242575761927456,0.0,0.062220961252682595
2020-12-10,-0.006146698937590954,1.1173471033435831,-0.0061466989375909,0.06204525043434191
2020-12-11,-0.0023645882086785475,1.1147050375580156,-0.008496752734439394,0.061817581922287985
2020-12-12,0.009371034813502299,1.1251509772717583,0.0,0.06112093426628239
2020-12-13,0.0051075614349625105,1.1308977550117818,0.0,0.06110875634478789
2020-12-14,0.003008608835213341,1.134300183989233,0.0,0.06151314261256487
2020-12-15,-0.0011467847542376587,1.1329993858315053,-0.001146784754237573,0.062049428985846165
2020-12-16,0.002990564273869993,1.1363876933170896,0.0,0.06203812153433312
2020-12-17,0.0009508831553332469,1.137468265232593,0.0,0.06212540201403621
2020-12-18,0.010060348678146131,1.1489115925911588,0.0,0.06189033671733413
2020-12-19,-0.0034992022237356544,1.1448913185914882,-0.0034992022237356757,0.06155266848239936
2020-12-20,-0.0015747712400907554,1.1430883766699407,-0.005068463020801217,0.06244860295230843
2020-12-21,-0.001275158470466268,1.1416307578439384,-0.006337158397714315,0.06261138699228365
2020-12-22,0.0009217006468490839,1.1426829996519061,-0.005421298713859546,0.06265314779284546
2020-12-23,9.624729109217645e-06,1.1426939976662356,-0.0054117261632816716,0.06259533465944209
2020-12-24,0.005374966506533129,1.148835939630908,-6.584750361882108e-05,0.06253185292004781
2020-12-25,0.006800544123005347,1.1566486491284622,0.0,0.06466765654128691
2020-12-26,0.016401116367572632,1.1756189782192137,0.0,0.06236370395665774
2020-12-27,-0.004422328871265406,1.1704200044702273,-0.0044223288712653686,0.061791797856868225
2020-12-28,0.006203519432826513,1.1776807277125272,0.0,0.06173524215712778
2020-12-29,-0.001155711388100764,1.176319668683963,-0.0011557113881007774,0.06265361180493989
2020-12-30,-0.00219558904217858,1.1737369541093015,-0.003348762963019669,0.06329804050866124
2020-12-31,0.00411550937632375,1.1785674795492758,0.0,0.06334563502099116
2021-01-01,0.005705712907700508,1.1852920472299362,0.0,0.06841686737082742
2021-01-02,0.015398276975480995,1.2035435024700176,0.0,0.06651949055848534
2021-01-03,0.0022278628177180623,1.2062248322886768,0.0,0.06678933775315764
2021-01-04,0.00042805167486170855,1.2067411588483978,0.0,0.0667775327382803
2021-01-05,0.007477331003092677,1.2157643619281628,0.0,0.06689467140594453
2021-01-06,0.0009429991322507891,1.2169108266664825,0.0,0.06751284740641515
2021-01-07,0.000911261250734602,1.2180197503484231,0.0,0.06819712893631397
2021-01-08,0.003918594088617816,1.222792675341958,0.0,0.06872945955910637
2021-01-09,0.0054535192528195236,1.2294611987391422,0.0,0.07122601558888461
2021-01-10,0.009827469926378504,1.2415436916954004,0.0,0.07073570927813418
2021-01-11,-0.0029423375467353165,1.2378906510754126,-0.0029423375467353408,0.07088221912958823
2021-01-12,0.0016426638712849105,1.2399240893245356,-0.0013045069470355442,0.07089936800821066
2021-01-13,0.011213618842022191,1.2538281254552623,0.0,0.07120140747916347
2021-01-14,0.0018244018894739667,1.2561156118564185,0.0,0.07161850895120321
2021-01-15,0.00794574997572623,1.266096392448836,0.0,0.0726673319717923
2021-01-16,0.0030464047606469074,1.26995343452623,0.0,0.07424550182974197
2021-01-17,0.003751440817299696,1.2747175896765814,0.0,0.07424614146147955
2021-01-18,0.007835712685447607,1.2847059104643734,0.0,0.07408645611805652
2021-01-19,-0.0008913396557477623,1.2835608011404032,-0.0008913396557476139,0.07388257478059079
2021-01-20,0.006142111379609006,1.2914445745435077,0.0,0.07376784737776795
2021-01-21,-0.004943663459885121,1.28506010718987,-0.0049436634598851725,0.0731437038080827
2021-01-22,0.012767214444110272,1.3014667451519344,0.0,0.07179206108921993
2021-01-23,0.00645091980219596,1.3098624027501347,0.0,0.07184116755787776
2021-01-24,0.0013918115328129521,1.3116854843486803,0.0,0.07333182882549316
2021-01-25,-0.002742931829437196,1.3080876204834495,-0.0027429318294371896,0.07273274732834077
2021-01-26,0.0007294616571137119,1.309041820246737,-0.002015471035921257,0.07563935855561893
2021-01-27,-0.001183072070033762,1.307493129430697,-0.003196158658464454,0.07584130739342677
2021-01-28,0.011550661945024814,1.3225955405641936,0.0,0.07492442820797575
2021-01-29,0.005803317473763515,1.3302709823754715,0.0,0.07787104554293461
2021-01-30,0.0025724121918038016,1.333692987668937,0.0,0.07793588546650475
2021-01-31,0.0010498223167881042,1.3350931283311356,0.0,0.08133809353479476
2021-02-01,0.0027805713793185426,1.338805450072498,0.0,0.08255617745173946
2021-02-02,0.007134600722564872,1.3483572924039589,0.0,0.08248589717298191
2021-02-03,0.00990559056693769,1.361713567680457,0.0,0.0835068009412938
2021-02-04,0.00913464013497005,1.3741523310881243,0.0,0.08345127939484685
2021-02-05,0.010511702816535682,1.3885970120171722,0.0,0.08298014177309178
2021-02-06,-0.0019188739293552169,1.385932469412432,-0.0019188739293551915,0.08235037706332893
2021-02-07,0.003713494005388628,1.3910791213294686,0.0,0.08421829246689452
2021-02-08,0.009398728124116447,1.404153495789979,0.0,0.08684562356590961
2021-02-09,0.009594529013915479,1.4176256872453268,0.0,0.0876577453279941
2021-02-10,0.0045366499763569304,1.4240569587858511,0.0,0.08906859669458855
2021-02-11,0.011143958478693691,1.4399265904058554,0.0,0.08843594619614584
2021-02-12,0.008715145908403967,1.4524757607386332,0.0,0.0881679670610169
2021-02-13,0.00752346957386893,1.4634034179313322,0.0,0.0888962305622391
2021-02-14,-0.0044231336081488205,1.4569305890912003,-0.004423133608148833,0.08721771403292558
2021-02-15,0.00011688729188465746,1.4571008857622232,-0.004306763324373186,0.08702968516269853
2021-02-16,0.001107803401380173,1.4587150670796247,-0.003203730970052665,0.08845375364672164
2021-02-17,0.005896294814139783,1.467316081164954,0.0,0.09032311630291909
2021-02-18,0.008880357153784138,1.4803463720231895,0.0,0.09111804351681725
2021-02-19,0.011971169338595579,1.4980678491224546,0.0,0.09128182384448484
2021-02-20,0.004140239793940706,1.5042702092454145,0.0,0.091583331996574
2021-02-21,0.005761669335293568,1.5129373167820195,0.0,0.0921967522972573
2021-02-22,0.00023058715844697053,1.5132861806988045,0.0,0.09173641298646588
2021-02-23,-0.010261810358226637,1.4977571248947483,-0.010261810358226597,0.08734160761934466
2021-02-24,0.00655588401315033,1.507576246885428,-0.003773201583549657,0.09420947966473683
2021-02-25,0.0008638215859122488,1.508878523789896,-0.002912639370613368,0.09675871274880833
2021-02-26,0.0012411771812516062,1.5107513093829046,-0.0016750772908857847,0.09685480343129234
2021-02-27,0.011298511671461953,1.5278205506846436,0.0,0.09713195582030167
2021-02-28,-0.0006510300413712857,1.5268258936083237,-0.0006510300413711256,0.09797969812774596
2021-03-01,0.013071213061099199,1.5467833601708814,0.0,0.09677356379613765
2021-03-02,0.003556042467973426,1.5522837874884037,0.0,0.09683641104699112
2021-03-03,0.01816659803305112,1.5804835030889277,0.0,0.09987653355562211
2021-03-04,0.002797257350887424,1.5849045221858995,0.0,0.09982066740528617
2021-03-05,-0.0025628382602126787,1.5808426682376575,-0.002562838260212641,0.09894345591588367
2021-03-06,-0.0006622455398150595,1.5797957622314678,-0.00322338657182053,0.09888402270757737
2021-03-07,0.00938081987355241,1.5946155417139625,0.0,0.09885087738982616
2021-03-08,0.018157494026387964,1.6235697638870192,0.0,0.0956635450111428
2021-03-09,0.008157461760766177,1.636813972151864,0.0,0.09551615370415004
2021-03-10,0.004370570789842483,1.643967783486957,0.0,0.0955606950452236
2021-03-11,0.013143198781452136,1.6655747788556292,0.0,0.09560485370597689
2021-03-12,0.01547718840250211,1.6913531935064334,0.0,0.09548321925448358
2021-03-13,0.009201151790839667,1.7069155909718077,0.0,0.09551709933195089
2021-03-14,0.005338135236752378,1.7160273372341361,0.0,0.09730122750095774
2021-03-15,0.0016878894572028077,1.7189238016849253,0.0,0.09717898553282196
2021-03-16,-0.0004583504476170504,1.7181359321910035,-0.0004583504476169953,0.09688959234184488
2021-03-17,0.0068437175630062415,1.7298943692457711,0.0,0.09691581054909895
2021-03-18,-0.00017460510974635213,1.7295923208495794,-0.0001746051097463175,0.09624002841854072
2021-03-19,0.010139759369670272,1.7471299707906238,0.0,0.09624760220457428
2021-03-20,0.006220287134767919,1.7579976208707,0.0,0.09719222931047117
2021-03-21,0.009684582968057102,1.7750230946876695,0.0,0.09698017559071388
2021-03-22,-0.0020040435791072162,1.7714658710519937,-0.0020040435791072175,0.09894370558503443
2021-03-23,0.011796928950277752,1.792363728070636,0.0,0.1012517035748397
2021-03-24,-0.005031073729734988,1.7833462140042098,-0.005031073729734992,0.09895455450032627
2021-03-25,0.004053106516364203,1.7905743061651238,-0.0009983586910891074,0.09919722488447706
2021-03-26,0.012980023377805109,1.8138160025188441,0.0,0.10005947270916742
2021-03-27,0.012121971781304567,1.8358030289178562,0.0,0.09982040082548024
2021-03-28,0.005644187470854879,1.8461646453726317,0.0,0.1011177794816345
2021-03-29,0.0032407276641095023,1.8521475622113919,0.0,0.1028519685563567
2021-03-30,0.006321868422191693,1.8638565953981754,0.0,0.10289753602134404
2021-03-31,0.005772454440865239,1.8746156226794175,0.0,0.10306995059873782
2021-04-01,0.0017074184391784135,1.877816375959952,0.0,0.10314859585025393
2021-04-02,0.004758221716305409,1.8867514426192784,0.0,0.10327113052750639
2021-04-03,-0.003525523792272631,1.8800996555182194,-0.0035255237922726668,0.1013755296164011
2021-04-04,0.02682704461425221,1.930537172856047,0.0,0.09172791756060583
2021-04-05,-0.0015259849554530621,1.9275912021743258,-0.0015259849554530858,0.09113047526758557
2021-04-06,0.0016297364354007217,1.9307326677890673,0.0,0.09160344497962496
2021-04-07,-0.0038214062539261083,1.9233545538977186,-0.0038214062539261295,0.09105395474099871
2021-04-08,0.008477805072609663,1.9396603788911797,0.0,0.09088639855412833
2021-04-09,0.007312289821059217,1.9538437377360574,0.0,0.09121134265088153
2021-04-10,0.0030199463991119747,1.959744241096261,0.0,0.09155587420998874
2021-04-11,-0.00011056025524872638,1.9595275712727434,-0.00011056025524869284,0.09102268832490858
2021-04-12,-0.0005939426474079584,1.9583637242793928,-0.0007044372362059459,0.09123534792399103
2021-04-13,0.004925684788808958,1.9680100066870312,0.0,0.09157354286318463
2021-04-14,0.004911773969290145,1.977676427009179,0.0,0.09174139244931429
2021-04-15,0.009512758136966318,1.9964895845324968,0.0,0.09318582808567544
2021-04-16,0.015610986425959355,2.0276567563362025,0.0,0.09150059685554787
2021-04-17,0.0025284525944781807,2.032783590322472,0.0,0.09168761934888962
2021-04-18,-0.0013723678250477202,2.0299938635278285,-0.0013723678250476823,0.09084523407220185
2021-04-19,-0.006332156999617958,2.017139623675709,-0.007695834776136334,0.08864182317122658
2021-04-20,0.006766529156260866,2.0307886577515597,-0.000981379710270014,0.08947889846826
2021-04-21,-0.0006306387228444594,2.0295079637860685,-0.0016113995370672374,0.08894826217908249
2021-04-22,-0.010203957229892579,2.0087989513258693,-0.011798914115003223,0.08488355602214215
2021-04-23,-0.0015615700035524738,2.005662071140311,-0.013342059288199315,0.0845738084714641
2021-04-24,-0.00044681035336231723,2.0047659205615793,-0.013782908271336547,0.08799162746623965
2021-04-25,0.0005077683924616033,2.005783877330325,-0.013282138404051125,0.08776342110302224
2021-04-26,0.017844474829206668,2.0415760372421743,0.0,0.08451697454286497
2021-04-27,0.010959716798057274,2.0639511324320488,0.0,0.08398156960846305
2021-04-28,-0.0007722937632719617,2.0623571558447735,-0.0007722937632719251,0.08397463389874145
2021-04-29,0.003140843261309721,2.0688346964201227,0.0,0.08439729276087002
2021-04-30,0.005685347752961283,2.080596741112663,0.0,0.08525261194761528
2021-05-01,0.0003874461258680269,2.0814028602595007,0.0,0.08498643852428531
2021-05-02,0.002808969150367723,2.0872494566834567,0.0,0.08729456414501362
2021-05-03,0.004204887715705469,2.0960261062834777,0.0,0.08735968538656734
2021-05-04,-0.003032151360794055,2.0896706378730503,-0.0030321513607941553,0.08715817967400791
2021-05-05,0.011275312328857685,2.113232326979512,0.0,0.08673493234099106
2021-05-06,0.0011144592969224083,2.115587438392871,0.0,0.086798875641743
2021-05-07,0.0007749278356629884,2.1172268659876607,0.0,0.08946436330243004
2021-05-08,0.000999876020110152,2.119343830360095,0.0,0.08949919303847587
2021-05-09,0.001307237715408917,2.122114316547061,0.0,0.08935009200273458
2021-05-10,-0.0008769366317081235,2.1202533567662085,-0.0008769366317080696,0.09023702596788317
2021-05-11,0.009453336439967848,2.1402968250856906,0.0,0.09195541765361355
2021-05-12,-0.01121086103407617,2.1163022548079806,-0.011210861034076092,0.0880723882889599
2021-05-13,0.010262793984938274,2.138021428858935,-0.0010631218063243963,0.08721829542809047
2021-05-14,0.01903306540919199,2.1787145305606614,0.0,0.0826235838734549
2021-05-15,0.0019860743681425525,2.1830416196453077,0.0,0.08285734613969631
2021-05-16,0.0015382211992127505,2.1863996205434097,0.0,0.08287628966690158
2021-05-17,-0.003938067026786747,2.1777894322903686,-0.0039380670267867846,0.08213319275204456
2021-05-18,0.014632160813880482,2.2096551974824106,0.0,0.08035482837183432
2021-05-19,-0.01903812045619503,2.167587515666083,-0.01903812045619513,0.07167846358730177
2021-05-20,0.009303765544322634,2.187754241708641,-0.009911481121001375,0.07130946501795332
2021-05-21,-0.0017439546587000904,2.183938897506722,-0.011638150606026021,0.0712699929911649
2021-05-22,0.011955537189528647,2.210049060215522,0.0,0.07042415826756207
2021-05-23,-0.0010362429503500351,2.207758912456946,-0.001036242950349986,0.07081655792846071
2021-05-24,0.018941983012867557,2.249578244273213,0.0,0.06674869669511901
2021-05-25,-0.0004970341027803958,2.2484601271689364,-0.0004970341027803471,0.06707588240932111
2021-05-26,0.007600302838075316,2.265549105054758,0.0,0.06715700897488158
2021-05-27,-0.0032180532168143757,2.2582584474693856,-0.0032180532168142317,0.06666969916186984
2021-05-28,-0.007104732730186035,2.2422141247644305,-0.010299922538983486,0.06534468567897783
2021-05-29,-0.0024740195740785677,2.2366668431304877,-0.012748459903089149,0.06505472897696965
2021-05-30,0.0031013111017461036,2.2436034428419958,-0.009686685741570611,0.06507083044268518
2021-05-31,0.007827172600078567,2.2611645142352503,-0.00193533250271416,0.06467421422303955
2021-06-01,-0.002208703636950397,2.256170271948916,-0.004139761563727085,0.06439240052419504
2021-06-02,0.013446666312403186,2.2865082407397765,0.0,0.06298114640848247
2021-06-03,0.002298559620994065,2.2917639162550114,0.0,0.06675613813727553
2021-06-04,-0.006361334775415344,2.2771852387574962,-0.00636133477541545,0.065845443936711
2021-06-05,-0.002157038587124755,2.2722732623274653,-0.008504651717963996,0.0655911388063116
2021-06-06,0.002515350467205536,2.277988825939479,-0.0060106934304307025,0.06594157266149527
2021-06-07,-0.00641071054105722,2.2633852989606185,-0.012382871155754427,0.06511792744406476
2021-07-01,0.0,2.2633852989606185,-0.012382871155754427,0.06520497663416486
2021-07-02,0.003932602584408802,2.272286293836824,-0.0084989654824551,0.065152474365403
2021-07-03,0.016272031653741734,2.3092610083365,0.0,0.062339903306730275
2021-07-04,0.004448198739228843,2.3195330602423327,0.0,0.06236647074268173
2021-07-05,-0.002423863845914928,2.313910827918207,-0.0024238638459149753,0.06209701239720387
2021-07-06,0.017239986857039813,2.353802620179879,0.0,0.05902279385164876
2021-07-07,0.014360673992008667,2.3876048122498177,0.0,0.05732250074620094
2021-07-08,-0.0023847571940243287,2.381910954497318,-0.0023847571940242007,0.05775648751850002
2021-07-09,0.015931113882116092,2.4198574491704745,0.0,0.055391465040985355
2021-07-10,0.0025350044182594765,2.42599179849568,0.0,0.055512220639575435
2021-07-11,0.0019936071624404817,2.430828273121183,0.0,0.05600257696008653
2021-07-12,-0.003033989155951854,2.4234531665005523,-0.003033989155951766,0.055681277520731695
2021-07-13,0.0063338579463494025,2.4388029745967974,0.0,0.05559469171694614
2021-07-14,0.011229809617839608,2.4661902676969403,0.0,0.05575547526299588
2021-07-15,-0.0015856123377520947,2.462279845981236,-0.001585612337752118,0.05570117022371863
2021-07-16,-0.006321877950802427,2.446713613314222,-0.007897466240877948,0.05483378479149296
2021-07-17,-0.005493571497114691,2.4332724171465165,-0.013347652442552316,0.05412980116774168
2021-07-19,0.0,2.4332724171465165,-0.013347652442552316,0.05502477995562966
2021-07-20,-0.005874738820971714,2.4189775772155064,-0.019143977291550818,0.054533397590007804
2021-07-21,0.023369943658804133,2.4755089469069436,0.0,0.049067210123151586
2021-07-22,0.0029009466232855115,2.482690266227386,0.0,0.04906597917441654
2021-07-23,0.012446459430295204,2.513590969903974,0.0,0.04799251683351011
2021-07-24,0.02546951344540045,2.5776109089081802,0.0,0.04220811330388606
2021-07-25,0.0005961094871297338,2.5791474472251092,0.0,0.0421866101998945
2021-07-26,-0.005464879696910993,2.565052716705429,-0.005464879696911007,0.04162151570199277
2021-07-27,0.004716093678139956,2.577149745606779,-0.000774558903361533,0.041709359620775585
2021-07-28,-0.002043360523488094,2.5718836995534886,-0.0028163367237633574,0.041611651615430054
2021-07-29,3.617926102200775e-05,2.5719767484051728,-0.0027802593557229027,0.0415933693381554
2021-07-30,0.00016866404765010455,2.572410548414021,-0.002612064237869194,0.04158628988910667
2021-07-31,0.0013009940041446972,2.575757239113706,-0.0013144685136364798,0.041608091742620895
2021-08-01,0.0,2.575757239113706,-0.0013144685136364798,0.0415859450266811
2021-08-02,0.009048815929481426,2.599064792249475,0.0,0.041262997491720466
2021-08-03,-0.0028697716555879265,2.591606069777641,-0.0028697716555879937,0.041045146924770244
2021-08-04,0.006618291838341688,2.6087580750774473,0.0,0.04141915531081919
2021-08-05,0.0005616515317538804,2.61022328804629,0.0,0.0414328235126416
2021-08-06,-0.0009250285914303316,2.60780875687483,-0.000925028591430288,0.04178863341361486
2021-08-07,-0.0002979157320799421,2.607031849619901,-0.0012226687429401917,0.04174261944343762
2021-08-08,0.002359251758259146,2.6131824940949544,0.0,0.041764417623001676
2021-08-09,0.0017305188785757713,2.617704655734149,0.0,0.04193312597349873
2021-08-10,0.004771616898064022,2.630195339503591,0.0,0.04213056947961462
2021-08-11,0.005876542524497004,2.645651794263918,0.0,0.0438340705204953
2021-08-12,7.0404696631619e-05,2.645838060575886,0.0,0.043851626778266095
2021-08-13,0.0032097682289019824,2.6543305875215424,0.0,0.043984679012727936
2021-08-14,0.00203138918856577,2.659722565979913,0.0,0.04419355874077056
2021-08-15,0.004602022728625674,2.6719626696803913,0.0,0.04426835904611042
2021-08-16,0.004657999903823263,2.684408671538782,0.0,0.04518109282988452
2021-08-17,0.00014621473802747922,2.68480117164945,0.0,0.04520706293794014
2021-08-18,0.00790370205275041,2.7060210401810423,0.0,0.045001438649571145
2021-08-19,0.00046293261319354563,2.7072737455725298,0.0,0.045185738886972006
2021-08-20,0.001418638665203455,2.7111143887852895,0.0,0.04575762321525638
2021-08-21,-0.001989487677797186,2.7057206601157024,-0.0019894876777972748,0.04573414480738056
2021-08-22,0.012078012187315317,2.738400387224051,0.0,0.044922250399185244
2021-08-23,-0.003230450145746623,2.7295541212940306,-0.003230450145746522,0.044611638936387185
2021-08-24,-0.0022085718925818447,2.72352570478246,-0.005431887356936005,0.044550130294102985
2021-08-25,-0.0008513911770412998,2.721206919026963,-0.006278653873006967,0.044859338636781744
2021-08-26,4.914831041680551e-05,2.721340661749328,-0.006229814147819646,0.04480490511524019
2021-08-27,0.011352887616429438,2.752235736448188,0.0,0.044588416432888744
2021-08-28,0.004426253776782363,2.764417830271237,0.0,0.044758343254090054
2021-08-29,0.0005672408640752259,2.7659859210299453,0.0,0.04471711934225625
2021-08-30,0.007113266926621035,2.785661117201507,0.0,0.04511421995442819
2021-08-31,0.0033917500171387538,2.795109383343518,0.0,0.045217324308811285
2021-09-01,0.001181891182248636,2.7984128984771117,0.0,0.04517752100787328
2021-09-02,0.0008267333672779108,2.800726439795704,0.0,0.04585329852407048
2021-09-03,0.0036061744064610005,2.810826347802394,0.0,0.04585134198491248
2021-09-04,0.0020120366209793023,2.816481833349386,0.0,0.04608095722169221
2021-09-05,-0.0010588233048270089,2.8134996767466136,-0.0010588233048270945,0.04699450130062474
2021-09-06,0.002620073051612879,2.8208712514303786,0.0,0.047791719154132564
2021-09-07,-0.0018468093076166024,2.815661640147649,-0.0018468093076166037,0.04780428829244924
2021-09-08,0.005547306718352464,2.8312809788806477,0.0,0.048989262673667135
2021-09-09,0.003908682288001325,2.8423475566951533,0.0,0.04898262211032642
2021-09-10,0.0015263560553058593,2.8466859910995987,0.0,0.0489768984915895
2021-09-11,-0.000868554503435124,2.8442134891621635,-0.0008685545034351483,0.04915420778664114
2021-09-12,0.0018664717484907917,2.8495221332863614,0.0,0.04921941214542659
2021-09-13,-0.001768004797113345,2.8444841644852303,-0.001768004797113365,0.049541622608183955
2021-09-14,0.001842395544412571,2.8497248294360302,0.0,0.04971510497392232
2021-09-15,0.0033343289726887504,2.8592267494990096,0.0,0.05051127284585978
2021-09-16,0.009434430638122111,2.8862019259458216,0.0,0.050812329891567164
2021-09-17,0.004681185271225486,2.8997127718913416,0.0,0.0509061100404784
2021-09-18,-0.002381022117191461,2.8928084916479655,-0.002381022117191489,0.051406208708250925
2021-09-19,-0.0037653708503828007,2.8819159948777746,-0.0061374275363000885,0.056624723186874566
2021-09-20,-0.0035082088993991485,2.8718056315372236,-0.009624105057796983,0.05608923542176057
2021-09-21,-0.0008499385079224869,2.8693647733437113,-0.01046586366822666,0.05758776501304745
2021-09-22,0.011627835888821058,2.9027292760333165,0.0,0.07582189380059907
2021-09-23,0.005030398725296032,2.9173311616833537,0.0,0.07585090810673845
2021-09-24,-0.002564913215876158,2.9098484604316646,-0.0025649132158762633,0.0782867135886447
2021-09-25,-0.006202675687025487,2.8917996141332165,-0.008751679578058225,0.07722674860864558
2021-09-26,0.0015976157879277917,2.896419598852279,-0.007168045611595231,0.0780184137581965
2021-09-27,-0.0037362986991421937,2.8855977100729175,-0.010877562351243486,0.07736333393941865
2021-09-28,-0.001562963766891132,2.8810876254062494,-0.01242352488230758,0.07712248904750801
2021-09-29,0.002654243663699527,2.8887347339805474,-0.009802256280807553,0.07712814973656437
2021-09-30,0.008543650539708838,2.9134150740495954,-0.00134235279326278,0.07685498834620826
2021-10-01,0.015990956541961115,2.960003367887417,0.0,0.07726297927071371
2021-10-02,0.004337263120650982,2.972841681331958,0.0,0.07858005772763652
2021-10-03,0.010552872694610214,3.004213701136285,0.0,0.07913949660553447
2021-10-04,-0.0030855631270473817,2.9949440101142883,-0.0030855631270474415,0.07850072666233643
2021-10-05,-0.002824733199636884,2.9864840923378653,-0.005901580434079623,0.07828994491832536
2021-10-06,0.0035102126555161513,2.9969672865942876,-0.0024120835808906227,0.07856635525080029
2021-10-07,-0.003392278546909917,2.986800738762183,-0.005796179668415724,0.07779382655604755
2021-10-08,0.004814779084531898,3.00118152448884,-0.001009307908521384,0.07776064248245651
2021-10-15,0.0,3.00118152448884,-0.001009307908521384,0.07807654132425085
2021-10-16,-9.732381188573502e-05,3.0008894380627154,-0.0011065334907142121,0.0787920413034733
2021-10-17,-0.004956392370298529,2.986015852547792,-0.006057441446861822,0.07785303119796842
2021-10-18,0.02659622443127496,3.065432600317498,0.0,0.06787277359277645
2021-10-19,0.007287493287882018,3.087771919816766,0.0,0.06760590740257162
2021-10-20,-0.00777984636791804,3.06374952866142,-0.007779846367918064,0.06619492963254933
2021-10-21,-0.004897403055186104,3.0487451123594282,-0.012639148379733123,0.06564129182083143
2021-10-24,0.0,3.0487451123594282,-0.012639148379733123,0.0656270016713326
2021-10-25,0.00410936477991686,3.0612735181471016,-0.008581722471016184,0.06677719543204892
2021-10-26,-0.0005100223091423316,3.05971220035846,-0.009087367910247446,0.06669808701225935
2021-10-27,0.00469634957235476,3.0740816784421416,-0.00443369579429187,0.06662594389173233
2021-10-28,0.007302380210897879,3.096529791657481,0.0,0.06672152999045862
2021-10-29,0.014687606884935114,3.142010403944836,0.0,0.06814199891037707
2021-10-30,0.026326276884775006,3.2247278398139314,0.0,0.060148593984399076
2021-10-31,-0.0077322584480872215,3.1997934107317483,-0.007732258448087115,0.0591463014170498
2021-11-01,0.01180432258041374,3.237564804342708,0.0,0.05829469464199554
2021-11-02,0.018131296844154307,3.296266052862432,0.0,0.055424476918562726
2021-11-03,0.0009996508157309677,3.2995611679110426,0.0,0.05692241100985327
2021-11-04,-0.004533989186107572,3.2846009932568334,-0.00453398918610759,0.05636703396330119
2021-11-05,0.0010187990747615202,3.287947341709724,-0.003519809335333912,0.05638034227918313
2021-11-06,0.003943482123172367,3.3009133032736884,0.0,0.05683552275425776
2021-11-07,0.007818250159785387,3.3267206692344455,0.0,0.05654081741101246
2021-11-08,0.009257461049164572,3.357517656251334,0.0,0.056040737855920765
2021-11-09,0.015017216023056723,3.407938224196487,0.0,0.05426939445439675
2021-11-10,0.0028986818270658236,3.417816752794728,0.0,0.054290615763242775
2021-11-11,-0.004848713618856911,3.401244738158695,-0.004848713618856859,0.05360903573151139
2021-11-12,-0.000742420673403001,3.398719583749783,-0.005587534507029757,0.05364885218404987
2021-11-14,0.0,3.398719583749783,-0.005587534507029757,0.0535639003289488
2021-11-15,-0.0003764535221062484,3.397440123791829,-0.005961884582091015,0.05371731643615317
2021-11-16,0.001886508878682731,3.403849424750155,-0.004086622851605992,0.0538407236407368
2021-11-17,0.018100768405810302,3.4654617148758082,0.0,0.051048479066416616
2021-11-18,0.004759286103153649,3.4819548386564274,0.0,0.05102240142900187
2021-11-19,0.0015583334092206115,3.487380885210903,0.0,0.05115769303155047
2021-11-20,0.0061775792376679945,3.508924456961222,0.0,0.051050525725869315
2021-11-21,0.0060361458864768534,3.5301048368880665,0.0,0.05120582301118762
2021-11-22,0.00219495075417406,3.5378532431621075,0.0,0.05121253703759834
2021-11-23,0.0032507223175811425,3.549353821655981,0.0,0.05121320319991904
2021-11-24,0.003255935938040009,3.5609102903207304,0.0,0.05167842417782439
2021-11-25,0.01333683108892028,3.6084015493855364,0.0,0.05051746992388132
2021-11-26,-0.004542679045511628,3.592009739279351,-0.004542679045511644,0.05020666762853642
2021-11-27,0.0007044971234866577,3.594540299808209,-0.0038413822263454467,0.05059003969325644
2021-11-28,0.008574997987792057,3.625363475646102,0.0,0.050721793576561904
2021-11-29,0.0025388833926118202,3.6345678507666017,0.0,0.050897110621207386
2021-11-30,-0.000861504957406079,3.6314366525451374,-0.0008615049574061118,0.05092714307177979
2021-12-01,-0.0002670900271984827,3.6304667320308397,-0.0011283648852220551,0.050796230426243746
2021-12-02,-0.0014048711589695999,3.625366394025411,-0.0025316508369075397,0.0508228313404934
2021-12-03,-0.004948361350974175,3.607426771078095,-0.007467484664726243,0.050676363903406275
2021-12-04,-0.0017934709847056685,3.6009569558347163,-0.009247562932356956,0.05046181738286769
2022-03-19,0.0,3.6009569558347163,-0.009247562932356956,0.0506910358771004
2022-03-20,0.0013770482420025125,3.6059156472802756,-0.007883249030633088,0.05084752550912706
2022-03-21,0.0034067404270732337,3.618200065892481,-0.0045033647867293025,0.05087042122564269
2022-03-22,0.0087105271638661,3.6497164958507398,0.0,0.05060632407599465
2022-03-23,-6.157369551095047e-05,3.649491769318523,-6.157369551096359e-05,0.05107509811038432
2022-03-24,-0.0008993431481724189,3.6462096239014747,-0.0009608614678021654,0.050903249296285404
2022-03-25,0.0012018449903323798,3.6505918026716624,0.0,0.05102462546830357
2022-03-26,-0.0007023204666400599,3.6480279173332977,-0.000702320466640094,0.051148000175139804
2022-03-27,0.0018460047780885025,3.6547621942992956,0.0,0.051392891804738106
2022-03-28,-0.002249022208021278,3.64654255295928,-0.0022490222080212563,0.05109449344048085
2022-03-29,0.011890839175645361,3.689903004003666,0.0,0.050541495511660574
2022-03-30,0.0023842144752437133,3.698700524158057,0.0,0.050534909385054984
2022-03-31,0.002092052035080026,3.7064383981167732,0.0,0.05063133543449972
2022-04-01,0.005036595263103081,3.7251062281957115,0.0,0.050715265328364956
2022-04-02,0.0010061053437343652,3.7288540774778776,0.0,0.05112689762974237
2022-04-03,0.003694802581069194,3.7426314571477732,0.0,0.054510517068733916
2022-04-04,0.0038618796083794886,3.757085049253812,0.0,0.05458420857238233
2022-04-05,-0.0036880214881915836,3.7432288388592005,-0.003688021488191584,0.05513005075903309
2022-04-06,-0.0037289758498926587,3.729270428918473,-0.007403244795020969,0.055196907982226005
2022-07-14,0.0,3.729270428918473,-0.007403244795020969,0.055196907982226005
2022-07-15,0.013689755018501325,3.780323227488108,0.0,0.05393159405555472
2022-07-16,0.010691769409994108,3.8207415717316557,0.0,0.05352081870682856
2022-07-17,0.010173615086581028,3.859612325827752,0.0,0.053032843834831055
2022-07-18,-0.003555739192048573,3.845888551014693,-0.003555739192048546,0.05250390179471491
2022-07-19,1.8582482712795034e-06,3.845895697630444,-0.0035538875512235446,0.05308117923297536
2022-07-20,0.0025424620299752234,3.8556737414129145,-0.0010204611454061041,0.05830870406396605
2022-07-21,0.001010535607517156,3.8595700370195813,-1.0956750212454125e-05,0.05980095550858448
2022-07-22,-0.0029330654700295993,3.8482496654148384,-0.0029439900833763133,0.06025912399036138
2022-07-23,0.002253662559755457,3.8569223216063757,-0.0006969622838478573,0.06410490480268959
2022-07-25,0.0,3.8569223216063757,-0.0006969622838478573,0.06402349070940708
2022-07-26,-0.0008365498609141525,3.853695813774679,-0.0015329291010605095,0.06477170887640753
2022-07-27,0.02035236887543992,3.9321276525103595,0.0,0.06066324084853352
2022-07-28,0.010668793391719437,3.974078710024859,0.0,0.05998814497107171
2022-07-29,0.003970468640347261,3.989857664917284,0.0,0.06028772505606835
2022-07-30,-0.001984163046833771,3.981941136776429,-0.001984163046833798,0.06049099185382402
2022-07-31,-0.00477289053875714,3.9629357675988204,-0.0067475833925574324,0.06220921151394475
2022-08-01,-0.0021653446658850763,3.9543546457732055,-0.008898317214735663,0.061868395228759386
2022-08-02,0.006556335401803578,3.980280721128575,-0.002400322165103441,0.06268978651806392
2022-08-03,0.008090060798591002,4.012481434157965,0.0,0.06258458981256093
2023-01-05,0.0,4.012481434157965,0.0,0.06258458981256093
2023-01-06,0.008492422006437858,4.046557119789831,0.0,0.06241401301200524
2023-01-07,-0.0016665167842052997,4.0398134644314565,-0.001666516784205263,0.06209727164386574
2023-01-08,0.020504443616609868,4.122647591834513,0.0,0.06296456167852313
2023-01-09,-0.0007685037518645461,4.119479321692572,-0.0007685037518646576,0.06283703753193547
2023-01-10,-0.0006063241868527855,4.11698158174259,-0.0013743619763049164,0.06266637268620638
2023-01-11,-0.001227744592199364,4.111926979869422,-0.002600419203020121,0.06268910128338843
2023-01-12,0.0056731079041299854,4.135254385320124,0.0,0.06285336590261179
2023-01-13,0.0015598240850353206,4.141704654708095,0.0,0.06282746917565571
2023-01-14,0.0013388818592262673,4.147249907936557,0.0,0.06280740433792092
2023-01-20,0.0,4.147249907936557,0.0,0.06271086513184497
2023-01-21,0.0006214588607337014,4.14982725313952,0.0,0.06537498233591009
2023-01-22,0.0009435956831414716,4.153743012221365,0.0,0.06640133554015672
2023-01-23,0.03677316099203583,4.306489272729325,0.0,0.046660596588309296
2023-01-24,0.007787907950077118,4.340027814773336,0.0,0.046671261672221256
2023-01-25,0.0016583493363418905,4.34722509701967,0.0,0.04666314888617147
2023-01-26,0.002752169425744581,4.359189397018517,0.0,0.046779606038945154
2023-01-27,-0.004942566716776901,4.337643812592686,-0.004942566716777064,0.046290035458237615
2023-01-28,-0.0018680157877755987,4.329541025469016,-0.006801349711893501,0.04624196484954393
2023-01-29,0.0003171077747223827,4.330913956589172,-0.00648639869804335,0.04669524912169392
2023-01-31,0.0,4.330913956589172,-0.00648639869804335,0.0468112691883522
2023-02-01,0.0036238817171743852,4.34660867649511,-0.0028860229225212697,0.04687678344985206
2023-02-02,0.0038198745208183594,4.363212176230422,0.0,0.04688822093244122
2023-02-03,0.005113776699203802,4.385524668990912,0.0,0.04683585705833858
2023-02-04,0.0021456102931225567,4.394934295861441,0.0,0.04711425913084716
2023-02-05,0.0016461361009641972,4.402168955867224,0.0,0.047181409017584684
2023-02-06,-0.001946418700082132,4.393600491890603,-0.0019464187000821642,0.04708824567832109
2023-02-07,0.0019100652790187203,4.401992555640043,-4.0071207840775e-05,0.047108262250696135
2023-02-08,-0.0024096452253546874,4.391385315296298,-0.0024496198758009458,0.04695661062131594
2023-02-09,-0.007228302401353726,4.359643054276472,-0.009660215683923945,0.04598846538616182
2023-02-14,0.0,4.359643054276472,-0.009660215683923945,0.04613013961570788
2023-02-15,0.010491119285672423,4.40538058960184,0.0,0.0461902549886563
2023-02-16,-0.0030703029652279393,4.391854736514628,-0.0030703029652279223,0.04588471209034904
2023-02-17,0.007147875503544016,4.423247167400885,0.0,0.04567465467264267
2023-02-18,3.925973270078561e-05,4.423420822902346,0.0,0.04565681192794815
2023-02-19,0.0067705098039723514,4.453369636950902,0.0,0.04550308224331268
2023-02-20,0.0052108986471772175,4.47657569476747,0.0,0.04543722552729933
2023-02-21,-0.00040050484199471466,4.47478280452616,-0.0004005048419947199,0.045357623323096355
2023-02-22,0.003230239107768809,4.4892374229401115,0.0,0.045659880238310836
2023-02-23,0.003055019991465473,4.502952133013628,0.0,0.04598641514230388
2023-02-24,-0.0053378314778303616,4.478916133374865,-0.0053378314778302904,0.04542275611334291
2023-02-25,-0.002078420839224924,4.469607060746117,-0.007405158056875583,0.04601995912274051
2023-02-26,0.00011715434019658077,4.470130694612257,-0.007288871263085195,0.046435037802012046
2023-02-27,0.0013938285649158888,4.476361290463315,-0.005905202135141674,0.04687453512024718
2023-02-28,0.005061472943491132,4.499018272020287,-0.0008736182124833292,0.04709581737710848
2023-03-01,0.004729500090740352,4.520296379346049,0.0,0.04709785084378483
2023-03-02,-0.0011704993314593918,4.515005375456026,-0.001170499331459407,0.04697115231100647
2023-03-03,-0.006091445288817732,4.4875024672327175,-0.007254814587638991,0.04628644486862817
2023-03-10,0.0,4.4875024672327175,-0.007254814587638991,0.046436937982646274
2023-03-11,-0.00036571585636963424,4.485861316424953,-0.007617877243278892,0.04637315660062344
2023-03-12,0.005402605659287648,4.51009665615985,-0.002256427970697472,0.046326813017184866
2023-03-13,0.007195699406338869,4.5425499559911104,0.0,0.046183449994841475
2023-03-14,0.006559667207485599,4.572347571975791,0.0,0.04781119726293865
2023-03-15,-0.0034678595569784514,4.556491312750487,-0.003467859556978481,0.04787378332584406
2023-03-16,0.0016322424524880096,4.563928611305551,-0.0018412774920787411,0.047881177701566864
2023-03-17,0.0053724725222879756,4.588448192363473,0.0,0.047924037340698264
2023-03-18,-0.004420381269108342,4.568165501919675,-0.0044203812691084865,0.047827192965718614
2023-03-19,0.0010396540260803947,4.572914813575547,-0.003385322910211319,0.04797092472097309
2023-03-20,-0.00559171272689217,4.547344387613483,-0.008958105883901779,0.04742802722514681
2023-10-17,0.0,4.547344387613483,-0.008958105883901779,0.04755563212921041
2023-10-18,0.0032948569092389785,4.562327236687701,-0.005692764651727966,0.047580885825107305
2023-10-19,0.004515057292820575,4.582926405549942,-0.0012034105174645315,0.04771985709746906
2023-10-20,0.014825197617146728,4.6508691951770595,0.0,0.04615521231564069
2023-10-21,-0.004149192879136259,4.631571841830636,-0.0041491928791362875,0.04750144684058863
2023-10-22,-0.0011900387039949208,4.626060092078525,-0.005334293883014651,0.04746627107236937
2023-10-23,0.008845641854335267,4.666980562849685,0.0,0.04705309463899046
2023-10-24,0.009437502344355114,4.711025202852639,0.0,0.04661326567502198
2023-10-25,0.001061503201099453,4.716025971185927,0.0,0.04663936533875517
2023-10-26,0.0005120092811599826,4.718440620253365,0.0,0.046621979422262295
2023-10-27,0.000834207203406106,4.722376777407625,0.0,0.046617957601127843
2023-10-28,0.009053273538791103,4.765129746126731,0.0,0.04620291023667215
2023-10-29,0.00040791528953786516,4.767073515406807,0.0,0.046201745965335085
2023-10-30,0.0051322248181034,4.791539208412301,0.0,0.04615314790306597
2023-10-31,0.014314460991108576,4.860127509498486,0.0,0.06344118580667045
2023-11-01,0.003901857552089396,4.8790910347255405,0.0,0.06429701783919405
2023-11-02,-0.002518607227200153,4.866802520783313,-0.002518607227200209,0.06394474152920193
2023-11-03,0.014324725608214977,4.936518131482903,0.0,0.06203081936874203
2023-11-04,0.022606833930082112,5.048117177074176,0.0,0.057637246108074684
2023-11-05,-0.006826132557282833,5.013658060058772,-0.006826132557282816,0.05680742804978167
2023-11-06,-0.0007373660479870376,5.009961158829068,-0.007558465246882973,0.056727022335723486
2023-11-07,0.0017122383407083995,5.018539406410675,-0.005859168800167125,0.05680688814608472
2023-11-08,0.010826381121143015,5.072872026695952,0.0,0.056050986865329444
2023-11-09,0.01558748545107657,5.151945345607248,0.0,0.054107355479566535
2023-11-10,0.008147049422649976,5.193918498960701,0.0,0.053894976516820514
2023-11-11,-0.018529201796818117,5.097679334977231,-0.018529201796818273,0.04853386535891772
2023-11-23,0.0,5.097679334977231,-0.018529201796818273,0.0484820705531327
2023-11-24,0.0,5.097679334977231,-0.018529201796818273,0.048620717379904144
2023-11-25,0.0026281825437256723,5.1110769668189295,-0.01594971737780415,0.04862145115889583
2023-11-26,0.013427219505835837,5.179704519163629,-0.0027366582282561946,0.04760559441127169
2023-11-27,0.0004863209231928291,5.182223517847254,-0.002251668199219292,0.04863207462816893
2023-11-28,0.00767830151680998,5.22201419254479,0.0,0.04846926086663979
2023-11-29,-0.0002097733728672521,5.220918753014459,-0.00020977337286720577,0.04908695398963704
2023-11-30,0.0010388899365890813,5.226342712966716,0.0,0.04944315731725244
2023-12-01,0.00692329423686753,5.262526221351293,0.0,0.049521920198022616
2023-12-02,0.010257397907285162,5.316506046801215,0.0,0.04902717226936922
2023-12-03,0.008167191697188384,5.359926970844701,0.0,0.04893872264873418
2023-12-04,0.017030555368649333,5.4512095038935895,0.0,0.04688214681732366
2023-12-05,0.0031874234039709548,5.468584816646249,0.0,0.04700370526073673
2023-12-06,-0.005705848873368028,5.437381898131271,-0.005705848873368002,0.04624135712015159
2023-12-07,-0.0026524591325742517,5.422959464858279,-0.00834317347498903,0.04594323655966301
2023-12-09,0.0,5.422959464858279,-0.00834317347498903,0.046541034474695896
2023-12-10,0.0025996372304822267,5.43705719218252,-0.005765225468892798,0.046796051777902144
2023-12-11,0.00043475903514062023,5.4394210019213975,-0.005332972917614365,0.04681338423618427
2023-12-12,0.008673930182420688,5.486602159924857,0.0,0.04652556882064363
2023-12-13,-0.00011307705499465425,5.485981751110685,-0.00011307705499463694,0.04646117747738893
2023-12-14,0.008411322177905668,5.532126111081388,0.0,0.0462000101569509
2023-12-15,0.00017931434068477127,5.533118100627582,0.0,0.04629413168618637
2023-12-16,0.00261327980051985,5.547577686393843,0.0,0.04716402051092809
2023-12-17,-0.0015719899502386315,5.538856950022663,-0.0015719899502386614,0.0470347944677448
2023-12-18,0.0023650361400520347,5.551956546884045,0.0,0.04716170110915894
2023-12-19,-0.004659480209764113,5.526087315228368,-0.004659480209764255,0.04658507379121463
2023-12-22,0.0,5.526087315228368,-0.004659480209764255,0.04666732463639678
2023-12-23,-0.0007051108903555545,5.522190810881345,-0.005361305649880355,0.046653447005547424
2023-12-24,0.0008662952297282171,5.526974658438461,-0.004499654893661775,0.047010756357009305
2023-12-25,0.01933618621171117,5.633845269621436,0.0,0.04425663039455686
2023-12-26,-0.004032254326487259,5.611128172658246,-0.004032254326487239,0.04382210559564073
2023-12-27,0.001985651346110382,5.622269916867482,-0.002054609631608195,0.04428134046505941
2023-12-28,-0.00031152068022888507,5.620518463518549,-0.0023654902584471227,0.04421605521314418
2023-12-29,0.0036327105963253475,5.640936180497815,0.0,0.04488158048844704
2023-12-30,0.001481471044304568,5.649293064111992,0.0,0.04495252919322195
2023-12-31,-0.00048570706603549336,5.646549162552648,-0.00048570706603545677,0.04482105886408717
2024-02-14,0.0,5.646549162552648,-0.00048570706603545677,0.04473781451695011
2024-02-15,1.0752763947840725e-05,5.646609878562913,-0.00047495952478104897,0.0459374661683816
2024-02-16,0.008367326855697578,5.693856909043459,0.0,0.04615454651800995
2024-02-17,0.005324087616725949,5.724171502104308,0.0,0.04630108843135849
2024-02-18,0.0026235604821398836,5.73918921225022,0.0,0.04659600666629507
2024-02-19,0.004804957782353523,5.76676577412002,0.0,0.04696604194156373
2024-02-20,0.006991758314706704,5.80708560667019,0.0,0.046866445705672055
2024-02-21,0.005699084399341632,5.8401806776568055,0.0,0.046885020669879734
2024-02-22,0.0021998156598540815,5.853027998567892,0.0,0.04693467459437895
2024-02-23,0.0010284040559386377,5.859047276301142,0.0,0.047236133463022634
2024-02-24,0.0003582061916079731,5.861146023312436,0.0,0.047232749872586674
2024-02-25,0.0029264012578414478,5.878298088407449,0.0,0.0472736153813033
2024-02-26,-0.0002178687517133187,5.877017390940729,-0.00021786875171336817,0.0477449655223452
2024-02-27,-0.003300620124272335,5.8576195890694915,-0.003517769773999313,0.04734191046313568
2024-02-28,0.014611144701247747,5.943206116490249,0.0,0.046196134551027494
2024-02-29,-0.0012496096808000227,5.9357794285920935,-0.0012496096808000123,0.04659789435841642
2024-03-01,0.01012685277848515,5.9958901929910065,0.0,0.04861713250761986
2024-03-02,0.003738076086875379,6.018303286740958,0.0,0.04944707696709632
2024-03-03,0.007369416883160953,6.06265467259025,0.0,0.04942079126609412
2024-03-04,-0.0017251634059659007,6.05219560260609,-0.001725163405965846,0.049193128637165906
2024-03-05,-0.004868036563428974,6.022733293123579,-0.006584801810856744,0.04895854611720573
2024-03-06,0.010965719727981915,6.088776898412359,0.0,0.04962731311016591
2024-03-07,0.002403698391843021,6.103412481651363,0.0,0.04985112466883829
2024-03-08,0.0011561658868432163,6.110469038955982,0.0,0.055953255926545035
2024-03-09,0.014486286058179247,6.198987041403945,0.0,0.05468822213218195
2024-03-10,-0.006861573429020022,6.156452236633808,-0.006861573429020051,0.05354693965058945
2024-03-11,-0.0023931159520322438,6.1417191325783955,-0.009238268840223163,0.053154235417823104
2024-03-12,-0.0003397642655459269,6.139632395888126,-0.009574894272141754,0.05460810102236946
2024-03-13,-0.0009205794378656899,6.133980376548417,-0.010486659259220765,0.05449021859656796
2024-03-22,0.0,6.133980376548417,-0.010486659259220765,0.05472131263259647
2024-03-23,0.0067109133960437245,6.175144987628465,-0.0038461209252794726,0.0547104315134472
2024-03-24,0.001582303558066984,6.184915941513968,-0.002269903098037429,0.054729300292676676
2024-03-25,0.0069687802909123705,6.228017261828141,0.0,0.054795214393469016
2024-03-26,0.00025058314234622115,6.229577897964196,0.0,0.055523299550298555
2024-03-27,0.0020395496461505826,6.242283431361656,0.0,0.05597911308743572
2024-03-28,-0.00017158008328919998,6.241212379850588,-0.00017158008328921337,0.05992303947278176
2024-03-29,0.004815296071009601,6.271265665301619,0.0,0.05989212947591634
2024-03-30,0.000822487214236802,6.276423701128412,0.0,0.06123668373636813
2024-03-31,0.013217377099804622,6.359381560024377,0.0,0.06048276098123653
2024-04-01,-0.0034648624622478797,6.337347177573937,-0.003464862462247864,0.06003653905246973
2024-04-02,-0.0005926709941047125,6.333591215722217,-0.0040554799328726965,0.05985573476608447
2024-04-03,-0.004238546665202012,6.306745993796065,-0.008276837257129466,0.059252395090296596
2024-04-04,0.016463139045383747,6.410574830015847,0.0,0.05769797985237845
2024-04-05,-0.0017704598100547425,6.399225164919955,-0.0017704598100547475,0.05753830989794549
2024-04-06,0.0033037199318884597,6.420366412645943,0.0,0.058247804801066304
2024-04-07,0.004170881529561496,6.447145000329465,0.0,0.058321663793539716
2024-04-08,0.004799867651290413,6.478090443059725,0.0,0.05828177366609036
2024-04-09,-0.002502218147081849,6.461880847594664,-0.002502218147081847,0.05820932866656748
2024-04-10,0.0020494786894353777,6.475124334685479,-0.0004578677004152265,0.058198446720471
2024-04-11,-0.002423566649621719,6.4594314392957815,-0.0028803246771482716,0.058813740028752115
2024-04-12,-0.0060208686483766705,6.420540051056586,-0.008883851268979281,0.05790188391703616
2024-07-23,0.0,6.420540051056586,-0.008883851268979281,0.0579748797323229
2024-07-24,0.0064363685831755335,6.461865013328227,-0.0025046624270089746,0.05787213505561013
2024-07-25,-0.0030764219498143805,6.441985589964486,-0.0055733789783560805,0.06482573858612482
2024-07-26,0.015125949130730502,6.539426736299188,0.0,0.06387239334275531
2024-07-27,-0.0021488247425791905,6.525374654325944,-0.0021488247425791585,0.0634947494929395
2024-07-28,-8.26905609161608e-05,6.52483506743559,-0.002231337615972051,0.06352779141012567
2024-07-29,0.00011590670417587692,6.525591339563547,-0.0021156895387851593,0.06347236970824434
2024-07-30,-0.0004652909537025856,6.522555040945688,-0.0025799960812845635,0.06332327535767054
2024-07-31,-0.0025367171240520603,6.50600916388075,-0.005110168485097155,0.06309603656846986
2024-08-01,-0.0013382091672301353,6.497302762775561,-0.006441539178014488,0.06296779008053031
2024-09-25,0.0,6.497302762775561,-0.006441539178014488,0.06296665452670416
2024-09-26,0.00274798697573488,6.515157266145075,-0.003711253468044351,0.06398913140461751
2024-09-27,0.0037486469015214213,6.539580290243734,0.0,0.06426885017075161
2024-09-28,0.014239280991053094,6.632699211560066,0.0,0.062434238237563486
2024-09-29,0.018492499082433948,6.755354395643901,0.0,0.059202266521142875
2024-09-30,-0.003175230442047418,6.733904588720034,-0.003175230442047372,0.05921571927752332
2024-10-01,-0.0018502116177855391,6.721445440216925,-0.005019567211579812,0.05923047264393159
2024-10-02,-0.002450366926736131,6.704975432610356,-0.007457634356834331,0.05892342053289809
2024-10-09,0.0,6.704975432610356,-0.007457634356834331,0.05886594683542098
2024-10-10,-0.0024016658573715066,6.68887232203934,-0.009841389468394302,0.05862528285652273
2024-10-11,0.006247165377823265,6.730658813626265,-0.003655704878127608,0.05845628546419871
2024-10-12,0.017008770499637463,6.845139044698597,0.0,0.055832968320201036
2024-10-13,-0.0008038327455247039,6.839636697786799,-0.0008038327455247574,0.05620127304135242
2024-10-14,0.018328415440976863,6.964996400649186,0.0,0.05596964866049992
2024-10-15,0.0013113563014329763,6.974129992568636,0.0,0.05615584587152376
2024-10-16,-0.008053909550562505,6.917960980414623,-0.00805390955056251,0.05581058364647232
2024-10-27,0.0,6.917960980414623,-0.00805390955056251,0.05578986013966139
2024-10-28,0.0003804902003979213,6.920593196774406,-0.007676483783823462,0.05619829719307578
2024-10-29,0.003955105345843305,6.947964871923375,-0.003751739740030846,0.056373190821625896
2024-10-30,0.012977075173129503,7.038129134366588,0.0,0.055783187275552856
2024-10-31,-0.010672476887247984,6.963014863850594,-0.010672476887247928,0.0549105811159537
2024-11-01,-0.0052967417388889515,6.926133572392732,-0.0159126892723509,0.05427905151143938
2024-11-02,0.010248717476814802,6.997117558582868,-0.00582705645218462,0.05349930220743117
2024-11-03,-0.0032915249241549285,6.97408637174155,-0.009099401474792823,0.05495724347784795
2024-11-04,-0.004788651987172556,6.940689899178797,-0.013844479595011006,0.05538016959888653
2024-11-05,0.0013842674273195183,6.9502976701293555,-0.012479376629843109,0.05561087723825536
2024-11-06,0.015279831917733692,7.056497050307148,0.0,0.0535593447305291
2024-11-07,0.003847754844882165,7.083648721020364,0.0,0.05364036830129354
2024-11-08,-0.0027367571907396574,7.064262494446438,-0.002736757190739625,0.05341466719667547
2024-11-09,0.0002579474138412626,7.066084702687577,-0.0024795157163378656,0.0535959822786273
2024-11-10,0.0007351381254707926,7.071279250950328,-0.0017462003774030288,0.05357821424789419
2024-11-11,0.007790635523112788,7.1263690102766315,0.0,0.0534600246768122
2024-11-12,0.0011089981277368018,7.13427214016659,0.0,0.05348842290477732
2024-11-13,0.00580819787179499,7.175709404427911,0.0,0.05333515790626729
2024-11-14,-0.0035085688365545467,7.1505329340313635,-0.003508568836554593,0.05303113623776656
2024-11-15,0.00114401062980069,7.158713219716635,-0.0023685720467984117,0.05307523158503017
2024-11-16,0.007241585998556985,7.21055365713622,0.0,0.052796734105049904
2024-11-17,-0.005367267857945883,7.171852684254279,-0.005367267857945834,0.05321728014789385
2024-11-18,3.7622649763465546e-05,7.172122508355973,-0.005329847139021293,0.05346137799029926
2024-11-19,-0.0011176998417430951,7.164106228163421,-0.006441589811460702,0.05342418530511011
2024-11-20,-0.0009856210334263059,7.157045134379243,-0.007420861878480012,0.05370926482032691
2024-11-21,0.008073482984179762,7.21482741648866,0.0,0.055449992449983
2024-11-22,0.003212463688632426,7.238004787583879,0.0,0.055592762564550306
2024-11-23,0.003640798564536558,7.2643569050246235,0.0,0.0555768088433077
2024-11-24,-0.0005364778217022721,7.260459738656148,-0.000536477821702297,0.05554801623710138
2024-11-25,-0.0007416033391927404,7.255075357469886,-0.0012776833071510563,0.055549465724583885
2024-11-26,-0.00351441489475585,7.229578012571018,-0.004787607892661416,0.05542051064842041
2024-11-27,0.004409104575375295,7.261453978064278,-0.00039961238115071573,0.05534338657620823
2024-11-28,0.003437284816924668,7.286413663571875,0.0,0.055526522644060744
2024-11-29,-0.001726954715198931,7.27383035713868,-0.0017269547151989029,0.05608953109900604
2024-11-30,0.00975657404107889,7.344798021580352,0.0,0.05544192943879263
2024-12-01,-0.006412459320844694,7.297699803047148,-0.006412459320844666,0.05477628376048696
2024-12-02,0.003637315442648049,7.324243839236581,-0.0027984680155096475,0.05499748100178537
2024-12-03,0.00467084034541026,7.35845421286051,0.0,0.05639766843433477
2024-12-04,-0.0005425489340111599,7.354461891371352,-0.0005425489340111778,0.05650423647888842
2024-12-05,0.0015292862142416194,7.3657089685549915,0.0,0.05655467052662385
2024-12-06,0.007421079353076695,7.420370479302306,0.0,0.0562593693732064
2024-12-07,0.001956078763535805,7.4348853084144375,0.0,0.05633953175702704
2024-12-08,0.004576465385230511,7.468910803671555,0.0,0.05652243204429679
2024-12-09,-0.004709916602708454,7.433732856673194,-0.004709916602708475,0.05607698810709796
2024-12-10,-0.00296220251493396,7.41171263450981,-0.00765816739083669,0.05581459603475802
2024-12-11,0.007431381281364091,7.466791897044755,-0.00028369687127061116,0.05548942682133894
2024-12-12,-0.0006617730779641455,7.46185057518853,-0.0009452822062829824,0.055403134423455874
2024-12-13,0.0159664887898579,7.580990128748872,0.0,0.054380984119146526
2024-12-14,0.001655330970863874,7.593539176498803,0.0,0.057158696958078944
2024-12-15,0.007157506532833537,7.647889982761921,0.0,0.057180890383613285
2024-12-16,-0.0055732366162471415,7.605266482272963,-0.00557323661624709,0.05663588667951879
2024-12-17,0.035484736880037365,7.875137362298986,0.0,0.0409304796952973
2024-12-18,-0.008458730798754826,7.808523695348083,-0.00845873079875481,0.039992208280616344
2024-12-19,-0.003587085507369742,7.780513853166547,-0.012015474115465552,0.03983970240279567
2024-12-20,0.004170470700172771,7.812962258223467,-0.007895113598039849,0.0398431016388887
2024-12-21,-0.0022749719363062085,7.795187988346589,-0.0101521243724767,0.040634402528062795
2024-12-22,-0.002233361006786126,7.7777785194528475,-0.012362812020553338,0.04054493766258831
2024-12-23,-0.0049849070965892915,7.7390070161155275,-0.01728609164776751,0.04140674760872723
