trial,w_trd,w_vty,w_vol,w_mom,min_total,min_mod,metric,years_used,trades,mean_return_all
227,0.3781988504881564,0.30488920659723007,0.27531054594767757,0.041601396966935975,9.638831809362504,0.8502293607923778,3.129649773456586e-05,5,511,4.2871914704884735e-05
339,0.24491060608560739,0.48282678217942654,0.14438841696415625,0.1278741947708096,9.520923566082148,0.035547778689373755,3.129649773456586e-05,5,509,4.304037016541473e-05
27,0.08754441187007998,0.6059928945377111,0.12248114079240138,0.1839815527998076,8.512578764421459,0.5257888836214752,3.1074536757724965e-05,5,473,4.631617000887125e-05
584,0.4320716399561889,0.14435924201652808,0.12085962493710097,0.3027094930901821,2.2176273663059787,0.4217924852681637,3.085570199182549e-05,5,540,4.056953410036315e-05
126,0.17527296547069213,0.022633384327127283,0.5910036052797275,0.21109004492245306,0.612057778301559,0.35857153688370225,3.085570199182549e-05,5,540,4.056953410036315e-05
194,0.1470053439688859,0.053773885772362834,0.3650355753481046,0.43418519491064655,1.9741018441940061,0.1268634959362086,3.085570199182549e-05,5,540,4.056953410036315e-05
154,0.0003741109659820657,0.2994674239723629,0.6080170445325509,0.09214142052910415,3.246836846092843,0.6505243322919035,3.085570199182549e-05,5,540,4.056953410036315e-05
129,0.24304250992537577,0.34403902610171555,0.012170533305578704,0.40074793066732994,6.622129806615545,0.4045284313725167,3.085570199182549e-05,5,540,4.056953410036315e-05
4,0.26566832691705333,0.4854973385049441,0.042403148095277676,0.20643118648272493,7.870918106860966,0.03700519662279855,3.085570199182549e-05,5,532,4.1179602282323495e-05
98,0.6250428292072934,0.03546758905672036,0.03586697660061636,0.30362260513536987,1.0431515055989282,0.3245542757388187,3.085570199182549e-05,5,540,4.056953410036315e-05
57,0.0006859217458686791,0.4686239844143193,0.20340076346563535,0.32728933037417673,3.376782222540775,0.5275541051210969,3.085570199182549e-05,5,540,4.056953410036315e-05
58,0.21944352380609217,0.02053292091461316,0.28086916861657146,0.47915438666272325,1.6589357627042745,0.6149026161114685,3.085570199182549e-05,5,540,4.056953410036315e-05
156,0.2625058697385988,0.14357053681361726,0.2005925612946194,0.3933310321531647,0.49256446841745904,0.010781792011033131,3.085570199182549e-05,5,540,4.056953410036315e-05
238,0.3379399404156013,0.21248032722652876,0.4033205616015824,0.04625917075628737,0.9261917960088095,0.34184042146926885,3.085570199182549e-05,5,540,4.056953410036315e-05
14,0.04041687328730985,0.7804060243965273,0.15810816987423942,0.021068932441923423,6.799237796337049,0.24101511984220336,3.085570199182549e-05,5,539,4.064480225268293e-05
214,0.26814000446899156,0.016121349213547517,0.2572292061431807,0.45850944017428025,4.441637085913271,0.2863570264424631,3.085570199182549e-05,5,540,4.056953410036315e-05
269,0.08641634240815212,0.2644750282585139,0.0538582403804822,0.5952503889528519,3.9589775449629294,0.8761315806600806,3.085570199182549e-05,5,540,4.056953410036315e-05
63,0.21900118278056144,0.2373369274055434,0.4926239669604538,0.05103792285344141,5.513624868966875,0.48128539344932886,3.085570199182549e-05,5,540,4.056953410036315e-05
160,0.256178614925344,0.222385956097933,0.23323708646399507,0.2881983425127279,2.75872148604976,0.7385770551946491,3.085570199182549e-05,5,540,4.056953410036315e-05
65,0.31620917862598114,0.3122608430310236,0.0006359601722793477,0.3708940181707158,5.440309467578926,0.4572693416826734,3.085570199182549e-05,5,540,4.056953410036315e-05
20,0.31055276071066723,0.3699387183019636,0.3031077052214644,0.016400815765904683,0.5594666670371506,0.2062329178484945,3.085570199182549e-05,5,540,4.056953410036315e-05
66,0.53458689804438,0.2744198203995182,0.07178378204974394,0.11920949950635801,2.1118930553383644,0.41674022155837265,3.085570199182549e-05,5,540,4.056953410036315e-05
255,0.6019995459656021,0.2721602237980895,0.035167786144221704,0.09067244409208672,9.136599633217363,0.4936948970079813,3.085570199182549e-05,5,540,4.056953410036315e-05
256,0.19699156842078924,0.35349023964371334,0.3432431518701928,0.10627504006530474,5.760884515114402,0.5414035683284685,3.085570199182549e-05,5,540,4.056953410036315e-05
201,0.5675408021585403,0.15515873412574255,0.11037552879620736,0.16692493491950963,8.9981585952589,0.20177000078822283,3.085570199182549e-05,5,526,4.1649331585924144e-05
164,0.12374792618156501,0.36165887608449465,0.20477022739569428,0.3098229703382461,6.163494069988764,0.5062375816248899,3.085570199182549e-05,5,540,4.056953410036315e-05
71,0.5537277966082781,0.1720570673373843,0.15935897777477756,0.11485615827956008,2.3959205569651774,0.21148171700856366,3.085570199182549e-05,5,540,4.056953410036315e-05
202,0.04429960348476542,0.7502580431694146,0.12713214028158284,0.07831021306423726,3.8425709899494285,0.5842818601688199,3.085570199182549e-05,5,540,4.056953410036315e-05
257,0.36671686152958205,0.2787360727883285,0.23142201964078074,0.12312504604130865,8.620988728872947,0.523869090463005,3.085570199182549e-05,5,525,4.172866364608781e-05
110,0.42367994338685405,0.2598622008487185,0.25595991155256403,0.060497944211863386,7.006823519947989,0.685979136338678,3.085570199182549e-05,5,540,4.056953410036315e-05
265,0.020385151754383074,0.22152164084847892,0.5485166146529491,0.20957659274418877,1.1301314760308423,0.43804059915447946,3.085570199182549e-05,5,540,4.056953410036315e-05
300,0.08661944788256265,0.2653851745120347,0.3550980398622877,0.292897337743115,2.2338293285105992,0.23012297405484994,3.085570199182549e-05,5,540,4.056953410036315e-05
220,0.3243017020560017,0.13336102962148988,0.43691765377299047,0.10541961454951787,8.068070532383686,0.1533350530988148,3.085570199182549e-05,5,525,4.172866364608781e-05
293,0.2824756703506627,0.10939288007591864,0.029801471963341285,0.5783299776100773,4.860254447798749,0.47020982974509185,3.085570199182549e-05,5,540,4.056953410036315e-05
145,0.5357076154469584,0.13727848449935232,0.2769227605581418,0.050091139495547284,4.6149202490839345,0.5639296259694615,3.085570199182549e-05,5,540,4.056953410036315e-05
260,0.3611113779476985,0.20728455493279552,0.32905645804083583,0.10254760907867008,4.023474605956752,0.16650242477475985,3.085570199182549e-05,5,540,4.056953410036315e-05
116,0.12412796873386746,0.46790037092205256,0.06313736376989428,0.34483429657418574,7.735578038474258,0.4570940450112698,3.085570199182549e-05,5,502,4.364053468963366e-05
117,0.09083137924071431,0.40068903414898477,0.29095615067472796,0.21752343593557302,5.992273540407382,0.7949052918979471,3.085570199182549e-05,5,540,4.056953410036315e-05
246,0.40180748455760656,0.19465723507289467,0.3770405653144057,0.026494715055092984,3.437911349217271,0.35746202517721537,3.085570199182549e-05,5,540,4.056953410036315e-05
224,0.40532146846611783,0.44716371666976,0.08792512381093279,0.0595896910531893,4.794832126901421,0.3562942131381214,3.085570199182549e-05,5,540,4.056953410036315e-05
85,0.2697938472837386,0.6764811767121853,0.020429549562374996,0.03329542644170102,5.890670306050745,0.7165791390195347,3.085570199182549e-05,5,540,4.056953410036315e-05
86,0.14181736422325142,0.11064027483411387,0.23980302544571094,0.5077393354969238,2.357822970046036,0.6995351194799898,3.085570199182549e-05,5,540,4.056953410036315e-05
43,0.04532528058155989,0.2294111335101831,0.24181152371420392,0.4834520621940532,2.1831521455813663,0.6900504177167882,3.085570199182549e-05,5,540,4.056953410036315e-05
149,0.02109908674373214,0.33884066157344767,0.5067167766975583,0.13334347498526206,4.5749718010806,0.5773438520949159,3.085570199182549e-05,5,540,4.056953410036315e-05
121,0.31037807695250447,0.4137430638973179,0.14163122359609948,0.13424763555407815,6.041479440817729,0.9741359324745563,3.085570199182549e-05,5,540,4.056953410036315e-05
225,0.14559172257419448,0.39544369286275144,0.01184865267117951,0.4471159318918747,1.9828300442042368,0.6562394327923876,3.085570199182549e-05,5,540,4.056953410036315e-05
237,0.0225111412118655,0.6627761837169049,0.014868569238789013,0.2998441058324405,3.450945565182104,0.9155899185946309,3.085570199182549e-05,5,540,4.056953410036315e-05
48,0.19601004330364577,0.5203191964746826,0.11707551792678512,0.16659524229488662,7.510990714605362,0.4377390904690037,3.085570199182549e-05,5,540,4.056953410036315e-05
175,0.09595638918476737,0.4952706859844538,0.21011720138045337,0.1986557234503256,3.63270749041729,0.8112878837072746,3.085570199182549e-05,5,540,4.056953410036315e-05
308,0.04149852193706107,0.18823473770308963,0.3108427772759318,0.4594239630839175,1.8829530555390794,0.9957837147010129,3.085570199182549e-05,5,540,4.056953410036315e-05
313,0.1263252867035941,0.37529118802277056,0.1774595672849136,0.32092395798872164,4.760215978263274,0.4936270089667877,3.085570199182549e-05,5,540,4.056953410036315e-05
314,0.4560919409464889,0.2920123337786436,0.24852610020367918,0.003369625071188292,1.8564045074772162,0.40648925094759036,3.085570199182549e-05,5,540,4.056953410036315e-05
321,0.2513429371287851,0.5348845098694652,0.0005956257981975736,0.21317692720355208,0.13068114623268512,0.4323409810521184,3.085570199182549e-05,5,540,4.056953410036315e-05
322,0.14756176962370232,0.08662539335853948,0.7526478102675801,0.013165026750178098,5.692336492963247,0.9862712724551603,3.085570199182549e-05,5,540,4.056953410036315e-05
324,0.2095421991763453,0.11093487279986712,0.6613037315179396,0.01821919650584781,2.945664539190016,0.7392836203093678,3.085570199182549e-05,5,540,4.056953410036315e-05
125,0.46657991349545824,0.21556692164921626,0.002202300798532231,0.31565086405679327,6.344297408548605,0.8838485433203364,3.085570199182549e-05,5,540,4.056953410036315e-05
353,0.42034039837828796,0.274305286750031,0.25649107518837166,0.04886323968330956,8.553681121321782,0.8699883898806354,3.085570199182549e-05,5,540,4.056953410036315e-05
355,0.0670091914145205,0.8753413318058134,0.05661194943099807,0.0010375273486680837,4.186555789745954,0.27087292245977335,3.085570199182549e-05,5,540,4.056953410036315e-05
357,0.04724960036718592,0.007968520262998853,0.8129203111759906,0.1318615681938246,4.436031546753206,0.6301301309062962,3.085570199182549e-05,5,540,4.056953410036315e-05
373,0.08310289060637728,0.01720214695166633,0.1508266037731501,0.7488683586688063,0.9287744526628805,0.7319327134966741,3.085570199182549e-05,5,540,4.056953410036315e-05
383,0.3123491893346731,0.08664125715537835,0.4567813009693143,0.14422825254063415,6.737103570759029,0.04110546117417624,3.085570199182549e-05,5,540,4.056953410036315e-05
388,0.10837031785685469,0.27195090609140354,0.13054241045059709,0.4891363656011447,0.9649461238491053,0.14252689992584555,3.085570199182549e-05,5,540,4.056953410036315e-05
389,0.41486648704339696,0.32357002531387846,0.018001255853943767,0.24356223178878073,0.7234308806998879,0.9632592289626168,3.085570199182549e-05,5,540,4.056953410036315e-05
397,0.4896603907872845,0.2973137710944362,0.03672179762527827,0.17630404049300108,4.408958735733478,0.8546165995345728,3.085570199182549e-05,5,540,4.056953410036315e-05
405,0.5908984586713143,0.06565867684780186,0.11737742359453124,0.2260654408863528,3.1453238211462207,0.06237025144836594,3.085570199182549e-05,5,540,4.056953410036315e-05
407,0.10228305721002566,0.49559850288422647,0.27354131115714037,0.12857712874860752,2.9313105439719047,0.978733325618717,3.085570199182549e-05,5,540,4.056953410036315e-05
409,0.4965165081728903,0.08610316867583932,0.101239461683267,0.31614086146800346,6.472018210375024,0.9169570594368448,3.085570199182549e-05,5,540,4.056953410036315e-05
416,0.03922210953650527,0.22511036111582347,0.53930203769986,0.19636549164781128,2.5360598471858187,0.946600051748695,3.085570199182549e-05,5,540,4.056953410036315e-05
421,0.3967976553383238,0.17114301636059506,0.17444467856772466,0.2576146497333567,5.847693689450359,0.5534478370771073,3.085570199182549e-05,5,540,4.056953410036315e-05
437,0.06148649351777572,0.31794149012394507,0.02017642647956274,0.6003955898787166,1.692359168446168,0.1559822810541961,3.085570199182549e-05,5,540,4.056953410036315e-05
439,0.1765137359946328,0.2234339877134641,0.5255939879534022,0.07445828833850102,2.6322250491810406,0.8413762912394362,3.085570199182549e-05,5,540,4.056953410036315e-05
442,0.41358784309738716,0.3226848638289591,0.09986751097634981,0.16385978209730398,1.2912220243781458,0.5927875058578608,3.085570199182549e-05,5,540,4.056953410036315e-05
445,0.49531717932658015,0.45660754070117304,0.03670297777760713,0.01137230219463981,7.882034599569864,0.27447316133484223,3.085570199182549e-05,5,540,4.056953410036315e-05
448,0.4971451115790632,0.31027346073472484,0.04715695074480254,0.14542447694140942,7.987746725486751,0.5836349593931306,3.085570199182549e-05,5,540,4.056953410036315e-05
458,0.10526990837960473,0.6735273034954949,0.16986946327390884,0.051333324850991464,7.630656226955898,0.7704413427004286,3.085570199182549e-05,5,539,4.064480225268293e-05
459,0.24075631266296077,0.2185572229893944,0.15910057892835824,0.3815858854192867,1.369646615486515,0.7420731078216708,3.085570199182549e-05,5,540,4.056953410036315e-05
460,0.07867003872726994,0.27567279440344,0.2509467733302399,0.3947103935390502,1.0925849927246334,0.8207839670551687,3.085570199182549e-05,5,540,4.056953410036315e-05
471,0.3238116091449854,0.14862283147854768,0.3487065186681081,0.17885904070835898,1.0432874045715468,0.3702545611119129,3.085570199182549e-05,5,540,4.056953410036315e-05
474,0.038702478198667976,0.3686405796906106,0.1593361728329578,0.4333207692777636,2.513109508265765,0.2633170219387676,3.085570199182549e-05,5,540,4.056953410036315e-05
475,0.28583026796526906,0.33764587457585504,0.2568886363327823,0.11963522112609364,1.0474716607537216,0.4674157038288218,3.085570199182549e-05,5,540,4.056953410036315e-05
486,0.27949372904882297,0.004143678079717712,0.669500752076682,0.046861840794777405,0.7932055092821078,0.6005954593481821,3.085570199182549e-05,5,540,4.056953410036315e-05
488,0.32704305980524095,0.5132217795338602,0.14321236125872489,0.016522799402174028,9.875859915115257,0.14824476850708201,3.085570199182549e-05,5,516,4.2456489174798644e-05
499,0.32434535667166503,0.06273753366890815,0.45073161965639774,0.1621854900030289,3.749079132087747,0.8459060866982865,3.085570199182549e-05,5,540,4.056953410036315e-05
527,0.7436118044410551,0.08049826496209701,0.122687557721486,0.05320237287536197,3.2767175356306097,0.5094232767657164,3.085570199182549e-05,5,540,4.056953410036315e-05
528,0.4422424413622949,0.09398340041784,0.42815645426905463,0.03561770395081053,8.646232180969767,0.7194846033503149,3.085570199182549e-05,5,526,4.1649331585924144e-05
530,0.4636492588222106,0.09091856410086795,0.27717447461002986,0.1682577024668916,8.275540010434208,0.45010348880463236,3.085570199182549e-05,5,532,4.1179602282323495e-05
533,0.545032247320031,0.19903512252056216,0.11791952445943363,0.1380131056999733,2.0997776776446297,0.4462604746987081,3.085570199182549e-05,5,540,4.056953410036315e-05
537,0.29652724775481587,0.338124346272466,0.12290313320386843,0.24244527276884983,6.275540909239408,0.40173858192608325,3.085570199182549e-05,5,540,4.056953410036315e-05
545,0.49978132834452366,0.18172558966484972,0.1894758733969141,0.12901720859371263,7.1646883195773,0.6794204273716348,3.085570199182549e-05,5,540,4.056953410036315e-05
550,0.40818914513371546,0.022967883071375532,0.5661017110257237,0.002741260769185153,5.388915039532403,0.5620693150785316,3.085570199182549e-05,5,540,4.056953410036315e-05
564,0.26611968488375365,0.5020596102177807,0.0951284381896557,0.13669226670880988,5.441012838011487,0.06527190116248083,3.085570199182549e-05,5,540,4.056953410036315e-05
565,0.23216036707721024,0.1703247451035456,0.41451288723789864,0.1830020005813456,1.1538830950626033,0.9603390347097973,3.085570199182549e-05,5,540,4.056953410036315e-05
573,0.2361261156883799,0.3325902041445456,0.383832564127577,0.047451116039497546,2.9022782723449767,0.9087072022499382,3.085570199182549e-05,5,540,4.056953410036315e-05
580,0.4084422447160061,0.4129628944561753,0.033140130861739656,0.1454547299660789,2.6538298159987628,0.2453377893132097,3.085570199182549e-05,5,540,4.056953410036315e-05
8,0.2916805762041065,0.2702122467216483,0.40419505112753357,0.03391212594671169,2.245050194569246,0.25941274724421204,3.085570199182549e-05,5,540,4.056953410036315e-05
7,0.0676197888413368,0.08942085442761154,0.8052448853480378,0.03771447138301395,0.17030679587323405,0.9532907720182526,3.085570199182549e-05,5,540,4.056953410036315e-05
593,0.31793200493685864,0.24564120314343313,0.22004167277040362,0.21638511914930453,5.7884704271961285,0.6370917722268954,3.085570199182549e-05,5,540,4.056953410036315e-05
56,0.22446831076800655,0.12356725074047599,0.4513133248325158,0.20065111365900157,3.9575365239592397,1.8819309454020527,0.0,5,534,0.0
59,0.05005016299378158,0.018864167013488285,0.6644843934685712,0.26660127652415877,7.120293936547572,3.8360169971787137,0.0,5,427,0.0
60,0.10091299589417181,0.26633425521311127,0.30431414323121264,0.32843860566150423,2.506297363739364,1.47783110026749,0.0,5,534,0.0
61,0.09724997757337189,0.2582336318693229,0.5415582636418266,0.10295812691547876,8.864778180886484,0.3836313536286262,0.0,5,403,0.0
62,0.7886110499434507,0.11610119798480538,0.07388129145129367,0.02140646062045021,5.779597395727288,4.424926375049757,0.0,5,453,0.0
64,0.04231825784446401,0.26426680964355265,0.23247315854582407,0.4609417739661593,7.741535544165059,0.5669643570834809,0.0,5,408,0.0
67,0.27980746612888635,0.44630722863361655,0.2281845704449024,0.045700734792594865,0.1933967332897879,2.7481127875684956,0.0,5,526,0.0
68,0.3715062323500765,0.39613563313205685,0.08550476868988982,0.14685336582797667,3.1729498818617117,3.396492019551091,0.0,5,481,0.0
69,0.31357417604301036,0.48073975779580513,0.04728678566344978,0.1583992804977348,0.7034647922216442,3.496809383230308,0.0,5,481,0.0
70,0.09074601024371007,0.23739350508607188,0.3679160919421289,0.3039443927280891,9.911875176552861,2.1159323934981824,0.0,5,279,0.0
72,0.5833751201584717,0.16640769724101362,0.03605549484907521,0.21416168775143943,7.792177321628464,2.892741420492311,0.0,5,526,0.0
73,0.45612908752340225,0.19385279705185196,0.3487945911046156,0.001223524320130112,2.2058121757827207,4.421359299761188,0.0,5,453,0.0
74,0.009225219783801605,0.48869631979945766,0.30667749555299867,0.1954009648637421,1.4545653588321994,3.927720022609533,0.0,5,481,0.0
75,0.22458209874897644,0.6989290705795241,0.05858654554895607,0.017902285122543445,6.855027857329114,4.780738389578615,0.0,5,453,0.0
77,0.23788960163442563,0.18374151368240674,0.1280463299397213,0.45032255474344635,2.7384509591224084,4.170311562779178,0.0,5,453,0.0
78,0.085421122641676,0.10345180048706151,0.27562710785060546,0.5354999690206571,0.9414535366079047,3.9934437221703463,0.0,5,481,0.0
79,0.0990490477362542,0.03351903045350059,0.5414324402581253,0.3259994815521199,2.4816670931839613,2.810103026911607,0.0,5,526,0.0
80,0.103572453290742,0.0033176727979670703,0.8697732278076626,0.023336646103628372,8.199475887908754,4.511361028838351,0.0,5,357,0.0
81,0.6258798321882283,0.1667423543382739,0.15729520821593146,0.05008260525756637,8.252432232212612,3.5865040189453645,0.0,5,481,0.0
82,0.29280474274862905,0.23676749145152637,0.2470904209426207,0.22333734485722376,3.5680314549115777,2.8172147781019334,0.0,5,526,0.0
83,0.019835636283821408,0.3253177250744583,0.33738988502322353,0.3174567536184968,2.8261855730186323,3.8588955127813183,0.0,5,481,0.0
84,0.6653990288980779,0.12500381487757994,0.10085558038245099,0.10874157584189129,1.732069758260345,1.2991127868735675,0.0,5,534,0.0
87,0.3376770054472407,0.17887549194858351,0.06309321575847211,0.4203542868457036,5.566785725942078,4.268826623483173,0.0,5,453,0.0
88,0.34808863286830555,0.07131987503227205,0.46492783264758103,0.11566365945184139,6.667196097630143,1.8088483260673516,0.0,5,534,0.0
89,0.05796476231792713,0.3922847553275469,0.3824272786992353,0.16732320365529071,9.121928327764982,0.5043079935300632,0.0,5,336,0.0
90,0.35834661753419433,0.130191284008486,0.3745028554796943,0.13695924297762543,1.093007038034406,3.8987877998196763,0.0,5,481,0.0
91,0.651925759064214,0.1543161437594824,0.09272628224211017,0.10103181493419341,7.919153514281647,1.7875608071034725,0.0,5,534,0.0
92,0.19755118113315562,0.09258215250249083,0.41087998380415536,0.298986682560198,1.4561396360085999,4.235042078468991,0.0,5,453,0.0
93,0.27966849719239517,0.4633403891344121,0.1010042276093831,0.15598688606380948,2.7387945758656396,4.292345706723261,0.0,5,453,0.0
94,0.519801684807585,0.16148223962056876,0.07342808264145465,0.2452879929303913,2.143844996832879,1.0860503689847438,0.0,5,534,0.0
95,0.20939971728503892,0.14420899944647603,0.5168175666007879,0.12957371666769696,3.199858702147058,3.4979003344717468,0.0,5,481,0.0
96,0.09387332064196013,0.012535003069403942,0.7159638701928962,0.17762780609573975,7.271425079453184,3.425405391578712,0.0,5,453,0.0
97,0.31361711055895386,0.16031557894978266,0.29591003022823953,0.230157280263024,3.1461384064189857,2.2570480582455206,0.0,5,526,0.0
99,0.2013700779289367,0.005120205757174428,0.7171838218667403,0.07632589444714838,6.7333515630943435,1.720455947987788,0.0,5,534,0.0
100,0.133672111247323,0.21943341922062842,0.045643632635181855,0.6012508368968666,3.96618140778921,4.663038825850563,0.0,5,453,0.0
101,0.012244907233341483,0.8340867392149984,0.048793478494286974,0.10487487505737308,9.00711005563592,1.4202010247862884,0.0,5,348,0.0
102,0.1310462991417363,0.452218701995724,0.14431241799193617,0.2724225808706034,6.541589068038184,4.020555000061282,0.0,5,453,0.0
103,0.4744487196039074,0.00964531063771302,0.41532066486108016,0.1005853048972994,1.4509738504285674,3.2406468812556777,0.0,5,481,0.0
104,0.1513754461788821,0.641603736287432,0.056842361450812104,0.1501784560828737,7.563935102046489,4.750392874500066,0.0,5,453,0.0
105,0.00845119996490128,0.6964792556192738,0.08750109970427007,0.20756844471155494,3.866117726075319,4.116540998659343,0.0,5,453,0.0
106,0.12090103106391598,0.29564750342694396,0.5716489653052785,0.01180250020386145,3.5026633514599057,3.3926731826671164,0.0,5,481,0.0
107,0.29667207449618305,0.02757265711331352,0.5530235193689288,0.12273174902157473,0.7641170864450042,4.46157169367588,0.0,5,453,0.0
108,0.1795234879959708,0.3889850462357015,0.33262127566744687,0.09887019010088094,7.731186070555759,1.908801730584106,0.0,5,521,0.0
109,0.1793642441258057,0.31044689737986675,0.42601790204607787,0.08417095644824972,4.933745785313245,3.816772228569646,0.0,5,481,0.0
111,0.4866809987913732,0.11648822907701133,0.23396742053340883,0.1628633515982066,1.4545319632332965,3.444375978996809,0.0,5,481,0.0
112,0.11037144071772581,0.4218817118645683,0.21331190095374652,0.2544349464639595,5.015716582727486,3.1016308059448723,0.0,5,481,0.0
113,0.042142292325750515,0.36122116859059,0.34564804209513494,0.25098849698852455,3.9270278523467903,3.3362924230465674,0.0,5,481,0.0
114,0.10249481400580479,0.0535909534590246,0.7603638977897194,0.08355033474545119,2.6992489544112974,4.529881314281702,0.0,5,453,0.0
115,0.5782490324163813,0.20255878008520073,0.01313144418584834,0.20606074331256985,2.728053236354345,4.147441755155278,0.0,5,453,0.0
118,0.006624800464121614,0.15462982102736605,0.7483768372258239,0.09036854128268848,6.019100670190491,4.745646891126708,0.0,5,453,0.0
119,0.019587778751024024,0.05563472725203462,0.7237963949586605,0.2009810990382808,8.161371217591858,0.05787704118300652,0.0,5,142,0.0
120,0.13599162596971737,0.011911367858547604,0.24002709849510273,0.6120699076766323,4.937749695689212,2.949758379390184,0.0,5,526,0.0
122,0.048245001586800555,0.29167158038236973,0.17763111822447403,0.4824522998063557,2.5300933188555574,2.6741126295930258,0.0,5,526,0.0
123,0.4271775319348096,0.31311217127917,0.1452598610042651,0.11445043578175533,3.318435780698117,2.023123390193327,0.0,5,526,0.0
124,0.12422352341142993,0.03045152936043294,0.2520459586172164,0.5932789886109208,4.32598982063284,4.263568955559646,0.0,5,453,0.0
127,0.2062761413221203,0.300279150369835,0.11515269078779382,0.37829201752025093,3.35963879949734,2.592121773776492,0.0,5,526,0.0
128,0.06448535549265577,0.5762777882421485,0.09168581696629327,0.2675510392989024,9.874113396757117,1.9893100573097056,0.0,5,322,0.0
130,0.011367882860296328,0.6831291347400992,0.23738970217007,0.0681132802295345,2.715560299073868,2.3303208342875754,0.0,5,526,0.0
131,0.41380303630864546,0.01050436912917022,0.05928393207873234,0.516408662483452,2.3214824779043477,1.4427949060912493,0.0,5,534,0.0
132,0.15047942696774833,0.09319961820918062,0.0846620103148241,0.6716589445082469,9.620788229389323,1.9222861788365786,0.0,5,361,0.0
133,0.08886029125691841,0.4686159888957318,0.19077820025520137,0.2517455195921484,2.7753086201392128,3.1160862714225814,0.0,5,481,0.0
134,0.0179998540466857,0.7702290425538865,0.16749447296932274,0.044276630430105116,9.839746323041652,4.993114821905358,0.0,5,309,0.0
135,0.49600376644827276,0.2551832693840513,0.18641126616936113,0.062401697998314916,0.2731513965371557,2.4869000525610425,0.0,5,526,0.0
136,0.2142606902401272,0.3963419273786042,0.1966439403653902,0.19275344201587855,8.170123114661388,1.9373206792979665,0.0,5,518,0.0
137,0.011150741519883147,0.05061620431445048,0.8240074000072526,0.11422565415841386,6.853626986542204,2.995382640667486,0.0,5,375,0.0
138,0.07639967559100684,0.5932835903548135,0.28973388200472056,0.04058285204945906,8.46373603112071,2.9891843869046415,0.0,5,479,0.0
139,0.15500969607397797,0.08718310681177181,0.5373431191800132,0.22046407793423703,3.5024958787191665,2.9926974197669027,0.0,5,526,0.0
140,0.3440944465455988,0.2508138059366635,0.34595247045641986,0.05913927706131793,3.0847752874725076,4.579251086775036,0.0,5,453,0.0
141,0.061358317389689984,0.2200317531457585,0.5356080051610953,0.18300192430345613,9.368624059569262,3.033433924171537,0.0,5,249,0.0
142,0.2032293588634811,0.15853368345726884,0.1651063655318194,0.4731305921474307,9.85555822125174,0.18038101223711633,0.0,5,416,0.0
143,0.4135797359517246,0.08488499705775769,0.10100339872099097,0.40053186826952664,8.436961202112485,2.886713427795811,0.0,5,502,0.0
144,0.10074074144169917,0.1976775067130265,0.13107615651544108,0.5705055953298332,0.014159770493873403,1.9727050832995308,0.0,5,534,0.0
146,0.18577335308330317,0.671927949295423,0.14023746695216513,0.002061230669108822,5.29487945476776,4.790539229746992,0.0,5,453,0.0
147,0.40677324277135635,0.0680261821013851,0.5067076913853067,0.01849288374195187,5.219727080441538,1.2605433051851573,0.0,5,534,0.0
148,0.17568920886533587,0.03346869815451797,0.6455394008854832,0.14530269209466284,5.045494486881729,1.8574651045389912,0.0,5,534,0.0
150,0.06767504370242461,0.16367882525194397,0.6914770374650026,0.07716909358062904,2.09328836198536,1.2645528395859889,0.0,5,534,0.0
151,0.16183594939983106,0.11383181518169336,0.6787374884064777,0.045594747011997734,5.442631157171439,4.300108860407753,0.0,5,453,0.0
152,0.7343363771418964,0.12751783186777146,0.027905441650680884,0.11024034933965113,0.4593354242455394,4.237120142758528,0.0,5,453,0.0
153,0.022238359187143213,0.0031233829442148314,0.24615687722850307,0.7284813806401389,2.3953729273893156,4.843765288949578,0.0,5,453,0.0
155,0.15734419983153297,0.33659798761207754,0.1587354696872271,0.34732234286916247,0.8969739274581034,4.056464463460632,0.0,5,453,0.0
157,0.1640277085879217,0.5333771348613934,0.21377172749170625,0.08882342905897869,7.313408141452726,2.4853885858111795,0.0,5,526,0.0
158,0.26254822090273944,0.14364866495537684,0.04582356128988473,0.5479795528519988,9.215116751521544,2.9603890685017875,0.0,5,453,0.0
159,0.2230158438025711,0.10918998883757887,0.4399588350564651,0.22783533230338499,1.3078703827182925,1.4555615978972276,0.0,5,534,0.0
161,0.008202330843325747,0.7833669394134433,0.11551537771522936,0.09291535202800158,0.6820434373443052,3.094633100411092,0.0,5,481,0.0
162,0.054724655376797514,0.4202981097887247,0.23821554804481626,0.2867616867896613,1.5772332541680667,3.6025973636588566,0.0,5,481,0.0
163,0.3734188597437882,0.17705860877643195,0.37652589072504467,0.07299664075473515,1.0365491385898418,1.6563420722420563,0.0,5,534,0.0
165,0.24548785337623963,0.6184373872944438,0.09401551878006006,0.04205924054925669,7.812072012485674,4.225864471143803,0.0,5,453,0.0
166,0.31440959192601353,0.42455120707532595,0.12369823764400505,0.13734096335465548,6.38204530445477,3.234715379011241,0.0,5,481,0.0
167,0.27465522140916704,0.43036855415426534,0.2648482391440074,0.0301279852925602,2.536598356872768,3.675212746318998,0.0,5,481,0.0
168,0.0240055740172928,0.22520574635897475,0.5590153745858993,0.19177330503783308,7.009059527087449,1.3630782144135885,0.0,5,470,0.0
169,0.003037515497228678,0.13220131872106822,0.023533715906102554,0.8412274498756005,8.819704537647882,4.728224501474126,0.0,5,167,0.0
170,0.26970422761332835,0.09522396807554004,0.08053492009496725,0.5545368842161642,5.490414447425764,2.836115198821631,0.0,5,526,0.0
171,0.09583115274039627,0.025927939207799674,0.4268322885326559,0.4514086195191482,8.443371464977172,2.647448271871756,0.0,5,372,0.0
172,0.3682143449553193,0.2709603762913851,0.16036470735376598,0.2004605713995296,0.31968389331194613,3.1818890120857835,0.0,5,481,0.0
173,0.6782833101397523,0.02897876579369934,0.12152062518086239,0.1712172988856859,5.730192388994437,4.2021181599718735,0.0,5,453,0.0
174,0.25281318205911796,0.023672013943240162,0.12055112191587042,0.6029636820817713,6.8120425051943005,4.699399706288504,0.0,5,453,0.0
176,0.27032927740431056,0.22036203467398038,0.19790692296279694,0.3114017649589121,4.940068499688954,2.123676986678663,0.0,5,526,0.0
177,0.3714481560399963,0.31331193177374256,0.2847727932169644,0.030467118969296724,6.722673142027121,1.363974829407325,0.0,5,534,0.0
178,0.3874254745358101,0.1368883921097104,0.1468433909409404,0.3288427424135391,4.67110755247052,4.030828918068984,0.0,5,453,0.0
179,0.2739522866076924,0.3235793081475847,0.21182484861119974,0.19064355663352325,9.620014960563875,3.889332339484894,0.0,5,455,0.0
180,0.2121188631408123,0.5826463672370826,0.16175184949014884,0.04348292013195611,9.588700239939998,3.9953909579306073,0.0,5,464,0.0
181,0.07747379582262053,0.35161563009952584,0.31603352270506424,0.2548770513727894,1.345689722066179,4.394274551334777,0.0,5,453,0.0
182,0.08170644851120984,0.1564240596402736,0.42146100854464813,0.3404084833038683,0.7186978566433722,4.858827446725184,0.0,5,453,0.0
183,0.2401339208309206,0.016236757376582756,0.164793114550613,0.5788362072418837,8.793620569956056,4.996942541661408,0.0,5,424,0.0
184,0.6250438686830202,0.0202796608044189,0.045801171127930716,0.30887529938463015,0.9042455743153832,4.366353444982645,0.0,5,453,0.0
185,0.4059945958865377,0.06114217853326988,0.10355938471788655,0.4293038408623059,1.262328644548939,2.347734924167271,0.0,5,526,0.0
186,0.1357370159640152,0.2104131462397349,0.3289631807797073,0.32488665701654257,9.931998367320116,3.13476275654418,0.0,5,349,0.0
187,0.14552560645389684,0.12305154275138568,0.7290700854019104,0.002352765392806971,9.808013136027101,0.01192268617075165,0.0,5,368,0.0
188,0.04593833479454993,0.04870406104934924,0.7318417618691302,0.1735158422869706,5.910748892613126,2.4080767749792447,0.0,5,526,0.0
189,0.24736728000844888,0.4021417920525297,0.3423510294486688,0.008139898490352494,7.793930107973393,2.9674924511641514,0.0,5,526,0.0
190,0.12667631642024776,0.4570712772551016,0.018458799269310086,0.39779360705534067,9.443387479706667,4.6764915273751235,0.0,5,395,0.0
191,0.3264352122577909,0.1706229896222739,0.32994512993197045,0.1729966681879646,8.656278082991916,0.6186912180530363,0.0,5,513,0.0
192,0.028523145940771197,0.06625492780983258,0.3748186672626254,0.5304032589867708,8.559740549813558,2.660012947940486,0.0,5,186,0.0
193,0.19059056044597916,0.02562138193632478,0.5893226740926455,0.1944653835250505,4.261177442746613,2.388275903631495,0.0,5,526,0.0
195,0.2704978350618761,0.5727248697501757,0.07094984274324481,0.08582745244470354,3.6111914971334746,3.145338592007851,0.0,5,481,0.0
196,0.13356542080349817,0.22193703030055298,0.21954770334332172,0.42494984555262716,9.668148989954904,1.317239527206409,0.0,5,364,0.0
197,0.1409899220009568,0.3104400362935819,0.47778920239178485,0.0707808393136764,5.856844263607284,2.0541759094466086,0.0,5,526,0.0
198,0.059895947533976486,0.2199854152003576,0.2762287864147467,0.4438898508509191,5.9166596849679545,1.4469182637729276,0.0,5,525,0.0
199,0.025797718270662517,0.3612910797405127,0.44699959316341714,0.1659116088254076,3.746017566592026,4.240533544224682,0.0,5,453,0.0
200,0.23563157310847826,0.003729859456000404,0.647928602071733,0.1127099653637883,5.553952717310135,4.943049404608743,0.0,5,453,0.0
203,0.12570011887903265,0.09732181029831527,0.4137038019283889,0.3632742688942632,5.285812542778486,3.838939355132443,0.0,5,481,0.0
204,0.8817546688195809,0.0009107927907704497,0.1165911790257081,0.0007433593639406829,0.22345826886263964,2.455955156711866,0.0,5,526,0.0
205,0.05476318200716874,0.5772432418310033,0.25343269834555376,0.11456087781627414,7.296169133913372,2.1176034399573167,0.0,5,518,0.0
206,0.13007546960869498,0.2520748174023037,0.049255606630761006,0.5685941063582403,4.968689226199361,2.706289273867876,0.0,5,526,0.0
207,0.014371245140995874,0.826876777625407,0.11102953615823244,0.04772244107536457,4.000886710368045,4.071363396362341,0.0,5,453,0.0
208,0.25616015004313236,0.28517695180281016,0.3926191860592771,0.06604371209478034,9.736345032048705,2.821078094181808,0.0,5,471,0.0
209,0.08825744042356773,0.5307784645662632,0.1672394252182296,0.21372466979193944,7.554816116078271,4.47767065931843,0.0,5,452,0.0
210,0.12271148907897261,0.3688104843369185,0.18267616376486456,0.32580186281924434,9.30803961701693,2.6147331847647015,0.0,5,404,0.0
211,0.1325163269975468,0.32202308875148167,0.02897641841084242,0.5164841658401291,2.5872921557795125,2.6990282318633163,0.0,5,526,0.0
212,0.029936458447048505,0.2773334985083198,0.5422338222062738,0.15049622083835792,2.9721559625943597,2.8852911773817453,0.0,5,526,0.0
213,0.719132849489719,0.027418222488845234,0.18445776293851365,0.06899116508292202,4.50840096624745,2.423008957411732,0.0,5,526,0.0
215,0.417509052183448,0.14396215697987655,0.07937825026342439,0.35915054057325085,3.784360124061592,4.325028928472836,0.0,5,453,0.0
216,0.5004766013913483,0.282433884373441,0.12320910351626092,0.09388041071894954,6.935347663290969,4.582515349390209,0.0,5,453,0.0
217,0.02013917429048152,0.38409223430326794,0.27091264425140904,0.32485594715484156,1.9391209309624813,4.117101047741666,0.0,5,453,0.0
218,0.3095605967515772,0.4071213485451752,0.15739711988950497,0.12592093481374275,2.428239859768219,1.8148856117231438,0.0,5,534,0.0
219,0.2729533567901369,0.2323208507844024,0.1559899982718439,0.3387357941536169,0.7388702926851232,4.600429744680204,0.0,5,453,0.0
221,0.19448410822620438,0.30626710207829777,0.2450382276361542,0.2542105620593436,9.13549628480504,1.0346371681458404,0.0,5,471,0.0
222,0.03641582819124752,0.3781115651063744,0.554515531690903,0.030957075011475155,9.48243232342011,3.9901296120263514,0.0,5,203,0.0
223,0.3047900917852852,0.17042578054688648,0.06038728067892399,0.4643968469889042,6.861970708745008,0.43854429833905084,0.0,5,527,0.0
226,0.4274156777151552,0.3134161959083156,0.0411175210891874,0.21805060528734171,4.109226985758269,4.117352874316771,0.0,5,453,0.0
228,0.3513167985402904,0.08570779225713539,0.26523715044773594,0.29773825875483817,9.74791021224667,4.250743747056011,0.0,5,430,0.0
229,0.23987930598370671,0.30771066987319645,0.4121250472714733,0.040284976871623496,3.689035279241785,3.505980986475525,0.0,5,481,0.0
230,0.019577542552472654,0.02196396566848461,0.9028621971857751,0.05559629459326765,0.6207192402369777,3.2522666455053684,0.0,5,481,0.0
231,0.15883208567430074,0.2365022163714001,0.4055947749070666,0.19907092304723253,3.1686413134669444,2.862440323453686,0.0,5,526,0.0
232,0.2352090146882136,0.05964926795547704,0.25393297848174334,0.45120873887456603,2.4898552961986784,1.0089281447763692,0.0,5,534,0.0
233,0.16034409739468194,0.6720180234722944,0.09168241647749811,0.07595546265552554,2.70184264121332,1.2077190004439442,0.0,5,534,0.0
234,0.12218038277726598,0.33687484833865927,0.35915278367332226,0.18179198521075238,2.366992111837627,1.483656266583141,0.0,5,534,0.0
235,0.23384646259858297,0.38001268754018297,0.016605587037973928,0.36953526282326005,0.5084665651803788,3.53165970592552,0.0,5,481,0.0
236,0.49032023099575994,0.22590811798829877,0.047953994513928525,0.23581765650201278,2.7768519796233013,3.8265707521490984,0.0,5,481,0.0
239,0.33231757545795193,0.4575267993971831,0.1592425018811666,0.05091312326369833,3.9849737061533963,3.5670783028968915,0.0,5,481,0.0
240,0.3332217463024729,0.6095178721193926,0.011515344931978573,0.04574503664615583,1.757248642392446,3.3393051890893104,0.0,5,481,0.0
241,0.2147464784549585,0.3718359604731698,0.4122895694400423,0.0011279916318291889,6.445235762112581,4.507506456215441,0.0,5,453,0.0
242,0.10288369671092124,0.1659192124805516,0.33848476157688423,0.39271232923164284,4.224684411563324,1.1401618998076097,0.0,5,534,0.0
243,0.3810597787093974,0.21014676071157679,0.37061703103871085,0.03817642954031494,0.8761276177454314,3.7358910432129826,0.0,5,481,0.0
244,0.3039433764504322,0.22710290901430086,0.39973586224980995,0.06921785228545695,4.916117969994499,1.6972648442739087,0.0,5,534,0.0
245,0.13423670452210745,0.3136817961786782,0.026150602660009008,0.5259308966392053,1.5323673253576775,3.578709849811484,0.0,5,481,0.0
247,0.1831908801562315,0.018281780921169714,0.3760648467946447,0.42246249212795417,2.872706963122896,1.0349694148380262,0.0,5,534,0.0
248,0.4804300190309694,0.0536767776062402,0.16217958129817803,0.3037136220646125,2.6702298968159988,2.8331676911204005,0.0,5,526,0.0
249,0.3374002725226901,0.3623048484235402,0.12823314949339887,0.17206172956037094,3.9683686573396324,1.3995677881796036,0.0,5,534,0.0
250,0.06787320160885155,0.14345864034460595,0.5718807193624237,0.21678743868411884,1.4510067328373166,4.29253413242895,0.0,5,453,0.0
251,0.06656748348392834,0.797384502884516,0.002817075095075176,0.13323093853648058,1.034815761079232,1.1563550084265346,0.0,5,534,0.0
252,0.24703211924629026,0.02762405774788001,0.41725409956266823,0.30808972344316155,9.303097453997143,4.429902264862622,0.0,5,423,0.0
253,0.4606794236424644,0.24510494621798762,0.22116911559336117,0.07304651454618684,6.901032695532581,3.029504264076237,0.0,5,481,0.0
254,0.3134560853261702,0.3552937325654412,0.06242004829806216,0.26883013381032655,2.9289503138424067,2.8094438607791954,0.0,5,526,0.0
258,0.44003633988181984,0.1216640830017866,0.09707985140743386,0.3412197257089598,2.4708920093448783,3.2789315164048767,0.0,5,481,0.0
259,0.0967068902664354,0.16022572213449604,0.6117889240370834,0.13127846356198516,8.090670663924131,4.585105452614372,0.0,5,424,0.0
261,0.04503273372777327,0.13689971559436004,0.051275828991835394,0.7667917216860314,5.454992949727311,0.9075592365080221,0.0,5,474,0.0
262,0.13162534224866942,0.26378530336794487,0.043193501828501665,0.561395852554884,7.8292827820377076,0.1807549866412156,0.0,5,459,0.0
263,0.8203136082643846,0.07862118372500365,0.01546310300459902,0.08560210500601267,2.3420901162955134,3.9800534868454513,0.0,5,481,0.0
264,0.1426893764435148,0.04343424934990511,0.26919942865432234,0.5446769455522578,9.471129140023988,3.2928198969244837,0.0,5,353,0.0
266,0.06719810482340693,0.17467401032364638,0.08618650092278654,0.6719413839301601,4.118787912562435,1.2025260403094622,0.0,5,534,0.0
267,0.46976469081643923,0.1577145410033159,0.004356873708201237,0.3681638944720435,8.386267693615824,4.440795665434588,0.0,5,453,0.0
268,0.10178369785179989,0.2746606550054922,0.06364555033943749,0.5599100968032705,5.45091006198998,3.426480192646064,0.0,5,481,0.0
270,0.19513158176788264,0.7192311624662604,0.00551739265191123,0.08011986311394571,3.1315543160172767,4.401545068869195,0.0,5,453,0.0
271,0.5327101456648169,0.03757189883120176,0.1695713350126832,0.2601466204912981,3.74093710651331,4.3146407663879485,0.0,5,453,0.0
272,0.353323812071472,0.23898584132529002,0.10178427978576873,0.3059060668174692,5.050375628523711,3.2024628398487778,0.0,5,481,0.0
273,0.7526229038433587,0.012308124238784081,0.11196017556464516,0.123108796353212,0.6649111926266515,1.3738878002480366,0.0,5,534,0.0
274,0.7261330895152085,0.12763620859063912,0.10688072891646236,0.03934997297768999,6.742421482989263,4.95470792803893,0.0,5,453,0.0
275,0.16925392109670367,0.5923080930067067,0.07213408023053905,0.1663039056660504,6.422163820124945,4.8244186476524344,0.0,5,453,0.0
276,0.11279366556882071,0.6548595523004187,0.08492034153999037,0.14742644059077017,8.28662456275153,3.0326975383426276,0.0,5,467,0.0
277,0.3616347555590933,0.2890350562121754,0.18528817356114227,0.16404201466758897,7.780863522380102,2.730537974893266,0.0,5,526,0.0
278,0.005662752568464454,0.02350979925586835,0.6038946195160586,0.3669328286596084,1.156346577315981,4.544190281363076,0.0,5,453,0.0
279,0.30857175339901577,0.022549697882343192,0.4924640084225553,0.1764145402960857,4.5440439125126435,3.5893550715254223,0.0,5,481,0.0
280,0.1278290863269898,0.05499035879141932,0.21537134441762226,0.6018092104639686,9.442978938282423,3.040849569111825,0.0,5,335,0.0
281,0.023008901963198082,0.17077645599909863,0.16318912948894404,0.6430255125487593,8.603178180491485,0.07296355201282967,0.0,5,245,0.0
282,0.11884173580575505,0.6010155215136839,0.21264123826425635,0.06750150441630469,8.203926300372768,4.562609578339797,0.0,5,448,0.0
283,0.010825499227436601,0.2051206371964535,0.6532316422464253,0.13082222132968468,0.5644693969656667,2.9428731672024853,0.0,5,526,0.0
284,0.0213477889403074,0.692089409600942,0.01752427672601424,0.26903852473273626,5.817908182310687,4.956779140203822,0.0,5,453,0.0
285,0.08868463824953247,0.0009244726503017669,0.3042688895060504,0.6061219995941152,9.116293893822206,3.9126442678878863,0.0,5,277,0.0
286,0.30622804020451583,0.1532412870604861,0.07442231446332563,0.4661083582716724,4.756067861996177,3.3643977654077633,0.0,5,481,0.0
287,0.061259270041425284,0.11141232117731499,0.07894202008452837,0.7483863886967314,4.078289325008077,0.28379014223660015,0.0,5,535,0.0
288,0.05666002282725754,0.47914926751838166,0.39689423447813676,0.06729647517622396,4.702533803257763,3.4283898725392397,0.0,5,481,0.0
289,0.422471428618029,0.36190950866433347,0.1629276947362545,0.052691367981383005,5.392925155511847,1.2234231295633613,0.0,5,534,0.0
290,0.7410252798462071,0.07467781883702727,0.1478515932364858,0.03644530808027981,6.144839109201291,3.4037430053322475,0.0,5,481,0.0
291,0.21068232058510328,0.03475101829546674,0.4320345384406063,0.32253212267882386,7.75267063676223,2.3529084549727637,0.0,5,498,0.0
292,0.131547226649333,0.5138862327619034,0.32077788948806624,0.03378865110069741,1.4007537237863033,4.405124792046077,0.0,5,453,0.0
294,0.4996019607762009,0.14073249041953373,0.2714591926534923,0.08820635615077323,4.895063407258343,2.1196668642561844,0.0,5,526,0.0
295,0.24763973160355274,0.04965312082893389,0.11594378376035062,0.5867633638071628,7.616998020875241,3.4552617866410404,0.0,5,465,0.0
296,0.6394129237120495,0.06110268212060311,0.1716941886133827,0.12779020555396461,0.7463485579805951,2.1692851240968762,0.0,5,526,0.0
297,0.471238857573766,0.04159403643752284,0.24560769640478905,0.2415594095839222,7.006287498164259,3.993113494541682,0.0,5,481,0.0
298,0.3989057898088462,0.03544532025051557,0.5309204892649824,0.034728400675655656,8.877290690540388,0.4151454793725029,0.0,5,507,0.0
299,0.6575741686378477,0.23714862175167373,0.056373250066517944,0.04890395954396057,3.1951459154961426,1.1665511871122618,0.0,5,534,0.0
76,0.33456502050065084,0.21843214617891585,0.1955956805277427,0.25140715279269055,2.245401161391513,4.471649478589513,0.0,5,453,0.0
301,0.3368677058025195,0.4965513793597627,0.11064414395919812,0.05593677087851971,6.253178431076955,3.874514215394442,0.0,5,481,0.0
302,0.3620511821773957,0.09169996990813176,0.20721664515588864,0.3390322027585838,3.13123965902391,1.1112865213356775,0.0,5,534,0.0
303,0.14522301220769226,0.10750366341331469,0.03858976927948699,0.708683555099506,9.02132814669731,4.5936179602066,0.0,5,397,0.0
304,0.024974682924472275,0.2911115346233679,0.2716793977661176,0.41223438468604223,4.4882353489793525,1.7170933137999067,0.0,5,534,0.0
305,0.4942773495894482,0.018121547928364665,0.11954760911911824,0.3680534933630689,6.001722444686339,2.121325745431812,0.0,5,526,0.0
306,0.1825475986944334,0.15411743255495972,0.628531964055128,0.034803004695479034,7.613863301722903,1.2976804808547686,0.0,5,516,0.0
307,0.1851805000616302,0.22535155858107406,0.34644923386155113,0.24301870749574458,8.315508082443845,3.7995829182866627,0.0,5,467,0.0
585,0.16840667585809452,0.09628590099841743,0.6863406312222838,0.04896679192120423,2.511303072133787,3.768403661398583,0.0,5,481,0.0
309,0.14556670519683937,0.07176553891536724,0.71899902112122,0.06366873476657321,1.3071279021849913,1.2978055548147887,0.0,5,534,0.0
310,0.3561937041170702,0.09537165016865584,0.521113911291026,0.027320734423247815,6.4086710168606285,3.8256072003907757,0.0,5,481,0.0
311,0.501742360524467,0.11052914534420055,0.2710842575688633,0.11664423656246918,7.463242901217276,3.263093460151393,0.0,5,481,0.0
312,0.46989817972258396,0.20224651941898117,0.1305635088296785,0.19729179202875638,2.1753991084890156,3.0554865899660397,0.0,5,481,0.0
9,0.06317019970930984,0.13052944863593108,0.6564272003493801,0.149873151305379,3.4810314430632605,1.7268263896266784,0.0,5,534,0.0
600,0.13736224564682303,0.12980766204340702,0.508898449134832,0.22393164317493805,1.6212295522497133,1.4352138356219768,0.0,5,534,0.0
315,0.07520638558056608,0.2644149965773074,0.34389851420991047,0.3164801036322159,8.6694968292414,2.6625864300578383,0.0,5,378,0.0
316,0.01899994882259122,0.09612558620059186,0.46631824957091356,0.4185562154059035,1.4419403023719912,2.9335443763186375,0.0,5,526,0.0
317,0.636038539103043,0.11027462167340663,0.19742966872477544,0.05625717049877504,1.961451238873606,1.2462303371907002,0.0,5,534,0.0
318,0.09548107587163578,0.6572816452610836,0.06263383253524997,0.1846034463320305,8.98490238415775,2.8972935544400835,0.0,5,434,0.0
319,0.585072632998611,0.005193837851365161,0.29306414748596515,0.11666938166405864,1.5832647009086398,3.6835857834752757,0.0,5,481,0.0
320,0.43395731322251485,0.03972728032004988,0.2992438944834724,0.2270715119739629,4.1829912508714,3.9719183552501707,0.0,5,481,0.0
1,0.3233808486664564,0.27885748512883823,0.29651705142842283,0.10124461477628247,9.697713192928598,2.8196337268397604,0.0,5,493,0.0
2,0.43557054891456953,0.08264320417290051,0.4290515102313329,0.05273473668119704,3.135961212232181,3.6810429134249603,0.0,5,481,0.0
323,0.7597162761823423,0.09746110140922254,0.04738000983703321,0.09544261257140192,4.462020854082178,4.8690853901931,0.0,5,453,0.0
3,0.13466717281747861,0.7163124657889357,0.1330222208255179,0.01599814056806797,7.3803858519912104,3.36300038284244,0.0,5,481,0.0
325,0.33060351309369806,0.17667710665940897,0.05336577396872252,0.4393536062781705,8.52423981432246,1.6127348475731047,0.0,5,509,0.0
326,0.07480422358751404,0.39782099421896167,0.2909276679535978,0.23644711423992643,1.1495305781353737,2.938774878276714,0.0,5,526,0.0
327,0.2705456401478112,0.279044106927176,0.19756291202772794,0.2528473408972849,6.468703595088428,3.906743762744912,0.0,5,481,0.0
328,0.18862795026031168,0.09651331717537681,0.5083214680143868,0.20653726454992466,3.30127503975758,2.6469796275245554,0.0,5,526,0.0
329,0.12627403451976094,0.3858122584763054,0.032615636289695174,0.45529807071423833,3.428760402781327,3.412539010039297,0.0,5,481,0.0
330,0.14909676786297152,0.18942464260361586,0.6019579629689207,0.05952062656449188,5.403965961253831,1.5360813994690252,0.0,5,534,0.0
331,0.34324620787115423,0.13032867257980318,0.08149458686568702,0.4449305326833556,4.966191796145737,1.8267496493233386,0.0,5,534,0.0
332,0.47002836364570416,0.03075110208923768,0.04006284063507508,0.45915769362998293,0.12548017194232597,1.8726345858904452,0.0,5,534,0.0
333,0.5315401960475487,0.41397364950335236,0.01871805096476184,0.03576810348433719,7.913350008414267,2.234078907372725,0.0,5,526,0.0
334,0.0026601851535265533,0.7051659479112407,0.21620384520318028,0.07597002173205258,4.287065797821724,2.778888830062343,0.0,5,526,0.0
335,0.11371348724988932,0.41556480161281106,0.15857643845549174,0.312145272681808,9.94559254676708,4.525763684248746,0.0,5,353,0.0
336,0.3906842182644106,0.19131801842669305,0.3237151713400185,0.09428259196887787,1.2610189389482995,1.0310089506312692,0.0,5,534,0.0
337,0.4349509268009005,0.23697129404512213,0.2966270666537627,0.031450712500214674,4.975842596956884,2.8085002087322906,0.0,5,526,0.0
338,0.1269435079296495,0.3120172693733366,0.3159080589095334,0.24513116378748043,5.922812883866664,3.3849408445151123,0.0,5,481,0.0
569,0.0508871288008036,0.0036706922291876594,0.1113284345931662,0.8341137443768425,9.228664726680908,2.5593059712620114,0.0,5,223,0.0
340,0.2568195862920068,0.35494731104653415,0.3849567800552413,0.00327632260621781,2.381081978977452,3.074598279621613,0.0,5,481,0.0
341,0.12329973812753664,0.03578437903656429,0.6239033400045523,0.2170125428313468,7.471671576876466,3.5104344652693253,0.0,5,458,0.0
342,0.08034230145126567,0.07387674527823299,0.14597106074352773,0.6998098925269737,4.148442370878382,3.411199034179404,0.0,5,481,0.0
343,0.47191314742058516,0.1286979130178227,0.05359682636481198,0.3457921131967801,9.778394254907312,1.1979926543211727,0.0,5,494,0.0
344,0.1302924519942807,0.5217114687861033,0.22166605989543534,0.12633001932418075,2.873050269539558,1.2152788172128686,0.0,5,534,0.0
345,0.3811616689202614,0.39763423734149594,0.008382513472581548,0.21282158026566117,9.457268241972073,3.7681353226052527,0.0,5,465,0.0
346,0.08946212854957271,0.0876105610106359,0.24796765775948162,0.5749596526803098,8.271796252446872,0.0654687663137743,0.0,5,374,0.0
347,0.025695231959644953,0.4966557230148955,0.2755489681957572,0.20210007682970224,9.203910823768526,3.4504157267442244,0.0,5,275,0.0
348,0.13397736040231337,0.2846881835752416,0.5011783516798307,0.08015610434261444,7.010448098798333,2.7032309532312295,0.0,5,526,0.0
349,0.585126793227306,0.021105354793462736,0.15023955504319597,0.24352829693603525,9.157623008735895,2.404118160533424,0.0,5,505,0.0
350,0.49700958757658675,0.1741875607749568,0.16693280902692462,0.16187004262153176,9.173701994207441,3.651412408848673,0.0,5,473,0.0
351,0.2585179289010021,0.1493466729206177,0.10351128182099001,0.48862411635739006,1.0953898181730948,3.482113559005181,0.0,5,481,0.0
352,0.24670418529891636,0.14521326034257626,0.47561106228802885,0.13247149207047854,1.2386606635285524,3.9320367395682405,0.0,5,481,0.0
10,0.08456330571637106,0.1760283193663389,0.2690003660437078,0.47040800887358203,7.200590122145583,3.257786699650823,0.0,5,456,0.0
354,0.3312982490699799,0.007102233451964573,0.5807831774124727,0.08081634006558296,0.7252554896880448,4.175128069752697,0.0,5,453,0.0
11,0.16837520275179757,0.12189658643883139,0.1120785368135776,0.5976496739957936,7.526260648692316,3.6699608137193245,0.0,5,459,0.0
356,0.03176243865761107,0.2581607922343914,0.5239857665194757,0.18609100258852174,7.225064650122937,4.321982982201079,0.0,5,435,0.0
12,0.10642145071126576,0.31617553902918105,0.14426279019194768,0.4331402200676056,7.103439013951714,0.777357288088133,0.0,5,502,0.0
358,0.21964477332113705,0.4120265748034079,0.22063039609689195,0.14769825577856308,6.541089517014726,4.253078680849095,0.0,5,453,0.0
359,0.5446764945728858,0.025892316514968594,0.022006707113646107,0.40742448179849955,1.1426305712627505,2.5408472337769368,0.0,5,526,0.0
360,0.02718948824240284,0.462602485090721,0.16692061758243423,0.3432874090844418,1.5768036066487245,2.105218137562517,0.0,5,526,0.0
361,0.28723219375384895,0.013426928321848955,0.06116201838849149,0.6381788595358107,2.5479411827464293,2.6997113045226193,0.0,5,526,0.0
362,0.023173711829368258,0.018192015700815467,0.13763062253325176,0.8210036499365647,0.6449213599607762,1.4190457019686564,0.0,5,534,0.0
363,0.2470688431926276,0.2761415616737511,0.1585438728288281,0.31824572230479314,9.492844896679188,1.4062429214116317,0.0,5,466,0.0
364,0.5882628245620249,0.14958889324306837,0.053834075854652316,0.2083142063402544,6.408174860241967,3.9694880572942983,0.0,5,481,0.0
365,0.0809058715062334,0.5539287045334269,0.2199343407578732,0.14523108320246655,1.1349880736716622,4.943184262393351,0.0,5,453,0.0
366,0.12212017074608619,0.5148466578074766,0.06470639692942566,0.29832677451701156,5.727990441012488,3.9657430849963102,0.0,5,481,0.0
367,0.13009649541341353,0.1704262165317634,0.586532954999129,0.11294433305569387,1.4472673154531046,4.41542771398134,0.0,5,453,0.0
368,0.023933606017129853,0.014433988864525873,0.3981453624905271,0.5634870426278173,4.4205394646496465,1.3295866816113682,0.0,5,532,0.0
369,0.19619495373352133,0.6796962797036308,0.037518568497078936,0.08659019806576893,2.7747335913811257,4.313749721114534,0.0,5,453,0.0
370,0.11501864838200687,0.5654876524256577,0.23069710121029469,0.08879659798204077,5.71009814966001,2.0712002144421255,0.0,5,526,0.0
371,0.12489856863638484,0.4914168660270718,0.1138573956472427,0.26982716968930065,5.021427812110194,1.8374744056201315,0.0,5,534,0.0
372,0.5008850113847204,0.14457238079688056,0.022233144560997953,0.3323094632574012,6.538488761236999,4.753233157885376,0.0,5,453,0.0
13,0.17407494410219304,0.26792889220271054,0.2576035342108992,0.3003926294841971,6.632396403215139,4.615340282037071,0.0,5,453,0.0
374,0.42573656969666523,0.07185811444117175,0.347661564954898,0.15474375090726497,5.3631950864652005,4.645295284786341,0.0,5,453,0.0
375,0.15855748282658425,0.022833397400689445,0.06634506289453206,0.7522640568781941,2.5556684908420646,3.460967253862175,0.0,5,481,0.0
376,0.09956281974766516,0.5870424033682118,0.3098335619730917,0.003561214911031437,7.693782596621944,3.9092384572139656,0.0,5,481,0.0
377,0.43692632030701684,0.034599490648734445,0.16492341483808257,0.36355077420616605,5.10752354588649,4.1946374370698845,0.0,5,453,0.0
378,0.6627161057272712,0.008809072565923462,0.01198897872603582,0.3164858429807694,4.576536895506443,3.900329348108129,0.0,5,481,0.0
379,0.10038333138925856,0.3551286836095778,0.1859450408516019,0.35854294414956167,5.130995057985022,4.716720184511473,0.0,5,453,0.0
380,0.3230370286194458,0.121756728222163,0.03203706080045329,0.523169182357938,8.123414170347019,2.324018264956928,0.0,5,501,0.0
381,0.08074572749068215,0.07527007098789401,0.37164777599075266,0.4723364255306713,7.449240666169673,0.1470740247064145,0.0,5,433,0.0
382,0.21875414726873757,0.5968075872000467,0.018899340183202825,0.1655389253480129,5.440378416938093,2.8138058060664717,0.0,5,526,0.0
15,0.015479218195819402,0.22914446224592397,0.19976321648088333,0.5556131030773734,0.05253335199611797,3.242730193681785,0.0,5,481,0.0
384,0.30320009029834866,0.2819969043580678,0.16209803677168508,0.2527049685718985,7.1597847821868275,3.425459168032047,0.0,5,481,0.0
385,0.12166922443894555,0.543145090003868,0.19145759890292818,0.14372808665425824,6.8682655598696405,3.9519376513561193,0.0,5,481,0.0
386,0.3946289561002775,0.23304770799450245,0.3575412761001407,0.014782059805079571,6.267654611704741,1.5235783860945888,0.0,5,534,0.0
387,0.0346149711160198,0.13179020914299605,0.8130861412216227,0.02050867851936159,8.795828875284261,3.7386398171146684,0.0,5,151,0.0
16,0.06765595727483287,0.5144082818133722,0.26315584167560097,0.15477991923619405,2.2336409701630098,1.1977092969535934,0.0,5,534,0.0
17,0.2578531183117911,0.2819892221777122,0.19384735395352087,0.2663103055569758,7.563108458350842,3.2628567250501783,0.0,5,475,0.0
390,0.15068424201991168,0.013577951519010421,0.29023223224019196,0.5455055742208861,4.812279803964799,4.553077950026588,0.0,5,453,0.0
391,0.07717981271575437,0.006124381225864765,0.3074179578572516,0.6092778482011293,2.667714959701587,4.855918250837972,0.0,5,453,0.0
392,0.13973726078936,0.6482017499698658,0.20432785923964522,0.007733130001129048,4.923232441844782,1.403699798881286,0.0,5,534,0.0
393,0.22500554496354008,0.3934139012024538,0.286245172786185,0.0953353810478212,4.285622533684096,3.651971283635937,0.0,5,481,0.0
394,0.0787616057266858,0.13930569154996394,0.025567051008400017,0.7563656517149502,4.476841788291248,4.499890959652007,0.0,5,453,0.0
395,0.20685898310786982,0.16560943307980558,0.15970802626653272,0.4678235575457919,3.886233429366208,2.4379305985293236,0.0,5,526,0.0
396,0.4339117303939087,0.07653308487322782,0.38017659242951873,0.10937859230334472,5.678576554663425,4.500793688528567,0.0,5,453,0.0
18,0.0979068410078526,0.11683470411662751,0.1407811349839199,0.6444773198916001,0.8928522878738532,3.2485771173733298,0.0,5,481,0.0
398,0.44934531813315975,0.476998281476654,0.007108057085946666,0.0665483433042395,4.077200244213804,4.123084455442582,0.0,5,453,0.0
399,0.21549328124684095,0.172489500456037,0.5494092860145283,0.06260793228259368,2.3546600404027496,4.5884455217080315,0.0,5,453,0.0
400,0.29959544482175604,0.01906402593338125,0.524523170929643,0.15681735831521962,0.2341723018311892,1.431957467331006,0.0,5,534,0.0
401,0.09592875085253884,0.508307356596656,0.09959176845855451,0.2961721240922507,1.616359350798855,3.6012608100841654,0.0,5,481,0.0
402,0.3374170670273455,0.5396712264884949,0.05222720285355169,0.07068450363060808,0.1059083907634939,4.856059117911476,0.0,5,453,0.0
403,0.07062570861566979,0.6729966143171561,0.17911682936866208,0.07726084769851212,3.043758466857925,2.106622546700392,0.0,5,526,0.0
404,0.17007364637659073,0.5324900150732615,0.25315867987080637,0.04427765867934147,2.7026167078378363,2.6233695387123324,0.0,5,526,0.0
19,0.1471516038610496,0.10152332793841767,0.6868792008728684,0.06444586732766447,9.810704568281741,2.620284444527426,0.0,5,363,0.0
406,0.04196435089198874,0.5904524792217694,0.258814995442287,0.10876817444395503,3.4009270571110592,2.704649132441771,0.0,5,526,0.0
21,0.014215851101104713,0.463475429699429,0.40909263516813116,0.11321608403133525,2.2891941227464683,2.6512376989138557,0.0,5,526,0.0
408,0.34215332389391606,0.10869735835172632,0.5276466464517675,0.021502671302590058,7.115321618922843,2.0074881153384276,0.0,5,526,0.0
22,0.7117782096203824,0.15091626882609263,0.09727004072627937,0.040035480827245534,1.5295819236600372,1.2093455949627812,0.0,5,534,0.0
410,0.006577472671107587,0.6026465914227467,0.032975220281801436,0.35780071562434423,4.695527268727302,3.904168420654623,0.0,5,481,0.0
411,0.618037839681408,0.1146784539470889,0.06120335057424658,0.20608035579725656,1.6980188406445973,4.366291648680693,0.0,5,453,0.0
412,0.23608082931954652,0.33078858917245996,0.22660260919292916,0.20652797231506423,8.650699054960155,0.2523684008297622,0.0,5,510,0.0
413,0.16407230056561029,0.07329679209740306,0.3464999148114015,0.4161309925255852,3.791088139443597,4.8534906137676685,0.0,5,453,0.0
414,0.287327890866108,0.012978954053535195,0.4107302709594991,0.2889628841208579,5.846111773539611,2.497409737621833,0.0,5,526,0.0
415,0.14684522748239714,0.10565226027275998,0.13512691722231843,0.6123755950225243,4.551606914839329,2.5192706790648076,0.0,5,526,0.0
23,0.012315776318065996,0.48867505929987953,0.12829762029946032,0.37071154408259416,4.512997205613155,2.899025896232463,0.0,5,526,0.0
417,0.7279668654570984,0.018333962413224963,0.004428020650341021,0.24927115147933568,7.151705362993182,2.417906635636644,0.0,5,526,0.0
418,0.19560133372022784,0.2799430683391324,0.4104615310755607,0.1139940668650791,3.319939355885472,2.48038012419225,0.0,5,526,0.0
419,0.7985721439417629,0.009344122517830147,0.13080267911177446,0.061281054428632395,4.256547986569395,2.357509945103384,0.0,5,526,0.0
420,0.20656222083841447,0.2514306658398677,0.11914729238064399,0.4228598209410739,6.400069354361443,3.2214097714319916,0.0,5,481,0.0
6,0.2557589127071174,0.44944403923337317,0.24839022682969214,0.04640682122981742,6.2571952336855405,4.2490891096959365,0.0,5,453,0.0
422,0.001129643339163796,0.6248529334450448,0.3739330503615851,8.437285420627552e-05,3.3640678544226335,1.3311451985149874,0.0,5,534,0.0
423,0.2696801017682595,0.676033606920605,0.034891434065001864,0.019394857246133636,8.588943374332466,4.755675978167291,0.0,5,453,0.0
424,0.49301722516435204,0.019653826903364213,0.23101581567476984,0.25631313225751384,9.030766253614798,1.4529315737097974,0.0,5,502,0.0
425,0.28628266672354535,0.3537891898901499,0.09116137794021703,0.26876676544608763,2.202107504137957,2.6825253594300706,0.0,5,526,0.0
426,0.42864014666291284,0.3314535146257739,0.018786590086884273,0.22111974862442899,8.787915367136078,3.3103370421840745,0.0,5,471,0.0
427,0.007642314692462947,0.06187294775329857,0.5358130263986821,0.3946717111555562,7.533684372928353,4.855631638770576,0.0,5,251,0.0
428,0.006380548887156434,0.31322574434931916,0.4489923346780777,0.2314013720854468,5.463310295557667,4.953859726883221,0.0,5,453,0.0
429,0.24624946724276114,0.05047933294008156,0.13381484373418087,0.5694563560829765,7.02781230458366,1.0712885824309053,0.0,5,514,0.0
430,0.3928627623241303,0.2089714255563769,0.06822790191716377,0.32993791020232904,4.833773412102692,3.73835342136322,0.0,5,481,0.0
431,0.37794805466352177,0.3385006206585076,0.038539530968450274,0.24501179370952023,6.676555107867793,4.7539855747762285,0.0,5,453,0.0
432,0.3114405124727722,0.04504571621586648,0.49464484238945244,0.14886892892190887,7.6281161639470625,2.0976956458383644,0.0,5,519,0.0
433,0.6057214787626912,0.003988363092095545,0.10015725964713354,0.2901328984980796,3.313280016538349,3.740147005181899,0.0,5,481,0.0
434,0.13701419553134087,0.30425677576958593,0.47306646060651764,0.08566256809255561,8.362534088132636,2.4620775802331005,0.0,5,489,0.0
435,0.3361290961549604,0.13385066200214882,0.5123107017080477,0.01770954013484288,4.977768628571133,3.4873389146064673,0.0,5,481,0.0
436,0.21958372784033714,0.41395941081702414,0.22314868284748496,0.1433081784951538,9.605429258355509,0.229650927477284,0.0,5,481,0.0
25,0.1482133991349062,0.33997759497741054,0.016444631085245288,0.49536437480243806,2.6454466961549117,2.5331499463272973,0.0,5,526,0.0
438,0.0479737391506342,0.05776263594441968,0.8548991842029277,0.03936444070201842,7.8398913160697905,0.5574754565624346,0.0,5,352,0.0
26,0.4270096612936406,0.05309055096661828,0.5020393138423775,0.017860473897363744,2.666043709979925,2.6395790816535394,0.0,5,526,0.0
440,0.2398521040151665,0.5866486934563093,0.002718333187449496,0.1707808693410747,0.3110247279012901,3.6525919614750846,0.0,5,481,0.0
441,0.26882802028422353,0.11400667623833322,0.4914041417163326,0.12576116176111055,8.407301202525051,2.0876377702347866,0.0,5,498,0.0
28,0.16538008166408347,0.12799656815687777,0.39761006297107965,0.309013287207959,0.6167321619711297,2.5570553167832895,0.0,5,526,0.0
443,0.0952583392708047,0.12343385147589732,0.011919673736420175,0.7693881355168778,5.799277235202346,0.9914264766347269,0.0,5,482,0.0
444,0.37398555528451966,0.2260709338331554,0.3337998698616953,0.06614364102062964,0.7943856091728707,1.7664222351384322,0.0,5,534,0.0
29,0.09460798539092963,0.18288716716079778,0.5188098467564343,0.20369500069183827,1.6490700062158747,4.9667410191074115,0.0,5,453,0.0
446,0.4098751267809551,0.19975294010953884,0.00020312736655168069,0.3901688057429543,3.620188856318247,2.222441924876702,0.0,5,526,0.0
447,0.4675776750966883,0.039591724857871234,0.4826156535291324,0.010214946516308027,7.147548079704377,2.289367795089285,0.0,5,526,0.0
30,0.10730579771881757,0.3150059355823849,0.4612828020667852,0.11640546463201255,2.068407034539408,1.7869589911585138,0.0,5,534,0.0
449,0.044519992294741385,0.2966891402301203,0.4622427096168239,0.1965481578583143,5.660432452139612,3.7306679226851163,0.0,5,481,0.0
450,0.33288228963146377,0.3974606010319294,0.11526517889810547,0.1543919304385013,6.32620183580511,3.025323580508144,0.0,5,481,0.0
451,0.04562626713369407,0.7373273432154681,0.11358472091878781,0.10346166873204975,2.278930518039828,1.9787347954715067,0.0,5,534,0.0
452,0.158858779948321,0.32419999078610257,0.23161618182102428,0.2853250474445521,2.549471440993496,4.934621955076353,0.0,5,453,0.0
453,0.24671229900012007,0.05474324532911216,0.08695803167690992,0.6115864239938579,2.4390822992879913,1.0502584078774635,0.0,5,534,0.0
454,0.1265238200801827,0.5771427864246633,0.16029089898286678,0.13604249451228725,1.3011703339020975,4.50248041508675,0.0,5,453,0.0
455,0.06117683576560463,0.0648990844476157,0.7484218827444659,0.12550219704231372,7.888939335809445,1.782400848257658,0.0,5,381,0.0
456,0.3235629422565326,0.4587400557087989,0.15379784154126733,0.06389916049340118,6.989784087831165,4.622207528703795,0.0,5,453,0.0
457,0.342762422705284,0.017915346548246378,0.459456205713729,0.17986602503274066,5.367613898584951,2.8650262803986175,0.0,5,526,0.0
31,0.09145551614837592,0.6233736848201791,0.221060991382948,0.06410980764849722,0.8848652841767679,4.672983606448284,0.0,5,453,0.0
32,0.16679261333345105,0.6007473030192476,0.08837885223534526,0.14408123141195608,9.106795349333996,3.5568485696777734,0.0,5,460,0.0
33,0.3043445707603973,0.0749536326723922,0.5025873166521803,0.11811447991503021,6.335685347811154,2.8444448284789683,0.0,5,526,0.0
461,0.16425413769616887,0.31290834906980186,0.2236686801534097,0.29916883308061976,3.6425843187976503,3.5555696694620265,0.0,5,481,0.0
462,0.2280590238952298,0.11746091156038964,0.3267649796520423,0.32771508489233814,8.560947812965003,2.4892813626632497,0.0,5,472,0.0
463,0.10015099959177194,0.2719045268652698,0.16335980456452687,0.4645846689784314,4.778649279173738,2.597482915721639,0.0,5,526,0.0
464,0.25324509667442785,0.4460663251766165,0.2849807768621231,0.015707801286832607,7.052647566965762,2.7593734376822523,0.0,5,526,0.0
465,0.08752112217324451,0.03216685828217357,0.3300181546703716,0.5502938648742103,9.131561619136384,4.705689510079014,0.0,5,284,0.0
466,0.3203016751889677,0.004193137843635947,0.3142391445022586,0.36126604246513766,0.13808848890953684,2.275499614071357,0.0,5,526,0.0
467,0.19071944480542416,0.7147436537601128,0.05779352642213131,0.03674337501233195,2.369992932612016,1.5018536129145987,0.0,5,534,0.0
468,0.37820087904213073,0.5637822392496132,0.037968436983264665,0.020048444724991586,1.5382620803920155,3.749896965198731,0.0,5,481,0.0
469,0.0011796697714804027,0.19616776452715726,0.7609466764915873,0.04170588920977499,8.87340299739704,2.3003180861350483,0.0,5,91,0.0
470,0.5445216016066576,0.3210917911029301,0.0070551510699478,0.12733145622046446,1.1969750521795008,2.120163220404497,0.0,5,526,0.0
34,0.2664031839857355,0.03979779495989638,0.3098515152256725,0.38394750582869575,7.385326696904604,1.948101341706669,0.0,5,515,0.0
472,0.042918370564255494,0.07651900574099857,0.668702970777618,0.21185965291712802,2.7626646602361604,4.127956654194134,0.0,5,453,0.0
473,0.012256467803582966,0.334809110549777,0.25127673323369837,0.40165768841294164,0.3209194753034439,4.737647206784705,0.0,5,453,0.0
35,0.009415384265779158,0.6042247615155146,0.25319110309982235,0.13316875111888388,9.72697693489032,2.4380099557347585,0.0,5,191,0.0
36,0.1423461385745709,0.3054386086850794,0.1937762245252525,0.3584390282150973,7.932188450675883,0.7898659823363813,0.0,5,490,0.0
476,0.21640073059182827,0.08062752788733847,0.0960686360762487,0.6069031054445845,3.734118306407528,4.947249181831103,0.0,5,453,0.0
477,0.4932230046607527,0.2865640219714501,0.11705653376736784,0.1031564396004294,2.114750466095583,3.08839060576798,0.0,5,481,0.0
478,0.06274732168541579,0.1331737761763006,0.0712073296889655,0.7328715724493182,4.062593837198972,4.986596124510943,0.0,5,453,0.0
479,0.38023481273724097,0.13152788963080775,0.15499858953720297,0.33323870809474826,9.085704389380489,2.218177343223851,0.0,5,490,0.0
480,0.0478167554407158,0.6322281095474731,0.20212884253141733,0.11782629248039383,2.0030104117990497,3.3832204919605653,0.0,5,481,0.0
481,0.49969391390992973,0.2328009984864575,0.16373846497263397,0.10376662263097865,2.695369499929602,2.481900266689781,0.0,5,526,0.0
482,0.2734169485488622,0.14646153488861924,0.4941191263649745,0.08600239019754398,4.146778753458278,4.441831374784635,0.0,5,453,0.0
483,0.2223830126964856,0.17835447090961043,0.3716440789433537,0.22761843745055022,0.02486221538851363,2.3399050352256463,0.0,5,526,0.0
484,0.12098350967908589,0.14781941745569005,0.5548939653837202,0.17630310748150388,3.081743455963527,3.7491301655361253,0.0,5,481,0.0
485,0.04121110349862505,0.2306457086391679,0.2768881381261225,0.4512550497360847,4.655179120081322,2.947326601143803,0.0,5,526,0.0
37,0.18927639074108352,0.10266675190947618,0.5488916516814608,0.15916520566797954,3.272055214243955,4.905439779117149,0.0,5,453,0.0
487,0.34641078974497813,0.010582693264432166,0.6177731028556055,0.02523341413498427,7.843424982956626,4.374674070634056,0.0,5,452,0.0
38,0.23852701789476075,0.5254856482162849,0.21928128234840807,0.01670605154054637,9.37164703029753,1.0397479521557647,0.0,5,510,0.0
489,0.009221297842341145,0.09982925149309611,0.29273547184648974,0.5982139788180731,8.511933065751624,0.05111385913200761,0.0,5,162,0.0
490,0.022586616021420522,0.009739485876929256,0.28531499555424455,0.6823589025474057,7.093959845540271,0.4167267247618772,0.0,5,341,0.0
491,0.14175753488033868,0.20115428260725024,0.0426852478926886,0.6144029346197224,6.13111154721624,1.2992547521783682,0.0,5,516,0.0
492,0.21457263624710918,0.3341582922594727,0.026517305847036245,0.42475176564638195,9.224230274219071,3.099037472356013,0.0,5,442,0.0
493,0.05739015022125753,0.07174811316740484,0.7712658721145862,0.09959586449675131,9.004585947619612,0.1282161564426998,0.0,5,187,0.0
494,0.13525092321084556,0.056657781683243806,0.5388473099089663,0.26924398519694426,6.768935145271148,3.8708070064750935,0.0,5,474,0.0
495,0.10276083045285726,0.3075083524659101,0.4653838147616097,0.124347002319623,2.0482913877305386,2.812213202154454,0.0,5,526,0.0
496,0.044233321365303585,0.16234645739992956,0.22672443713668594,0.5666957840980809,2.8578660634021036,2.430256977870319,0.0,5,526,0.0
497,0.1374189544227741,0.1111241747979658,0.3471705219984587,0.40428634878080133,6.3677697641501885,4.060330380135592,0.0,5,453,0.0
498,0.2080682793154463,0.17146381221448717,0.0054399739466692194,0.6150279345233972,6.806232070769173,1.8456868814541205,0.0,5,515,0.0
39,0.27660618109799134,0.14036799054484575,0.28192197448755446,0.30110385386960853,4.2756295906210475,2.6343989851563014,0.0,5,526,0.0
500,0.709382376067596,0.173455761106747,0.05682795638730486,0.06033390643835216,2.3449200243749644,3.280029937742028,0.0,5,481,0.0
501,0.36721142047566646,0.05121749780551856,0.025619790944930842,0.5559512907738842,1.1798644192277052,2.9165799876892913,0.0,5,526,0.0
502,0.019347349556006456,0.35182810168415724,0.176082165224974,0.4527423835348624,8.56291558774139,2.941839784898206,0.0,5,280,0.0
503,0.3254414761624993,0.38400700271587584,0.01965764376916668,0.27089387735245823,9.594375324670354,2.1325624804108556,0.0,5,497,0.0
504,0.22729879317282148,0.37854717934617405,0.2316699955386343,0.1624840319423702,4.689081918245893,2.1670764113012977,0.0,5,526,0.0
505,0.058081136929010645,0.3476715858749739,0.13464046775651706,0.4596068094394984,8.65335183436463,4.134517886535669,0.0,5,355,0.0
506,0.2158693305583999,0.32976726882287755,0.018356767894403596,0.43600663272431905,4.0249176092581385,2.0694303764561246,0.0,5,526,0.0
507,0.17743877934347124,0.43185972195864325,0.12170049293122287,0.2690010057666626,1.1739395878099645,1.5624324642324017,0.0,5,534,0.0
508,0.4617861979183773,0.33191826604092717,0.035789997844173034,0.17050553819652267,9.920153132514239,2.152535011392061,0.0,5,499,0.0
509,0.012194747968864758,0.3406460458413338,0.4298133280068393,0.2173458781829622,0.5897283909009676,2.690539302629457,0.0,5,526,0.0
510,0.029794743078800503,0.29555619632109964,0.09659252020366318,0.5780565403964366,9.748291773224881,0.9997675589227395,0.0,5,166,0.0
511,0.36076463007859155,0.03891564114985181,0.4056075822803036,0.19471214649125312,9.102929331508344,2.902973549628318,0.0,5,496,0.0
512,0.4269990780034053,0.2095143731189418,0.1819543814091508,0.181532167468502,5.596468266805133,2.559915354099389,0.0,5,526,0.0
513,0.1511638347760356,0.07471646841823879,0.6401136748729038,0.13400602193282174,0.9483325520017793,3.323983338235889,0.0,5,481,0.0
514,0.7700129848733936,0.06415807689915896,0.14876079268948553,0.017068145537961838,2.6017252058426776,4.24375010461028,0.0,5,453,0.0
515,0.13734704294860728,0.02246100599112055,0.5734940604334822,0.26669789062678995,7.0374398871315496,3.152683194423798,0.0,5,471,0.0
516,0.10991011429672916,0.06394858198215016,0.047066602490485304,0.7790747012306353,2.8568460761348846,4.8121807255025075,0.0,5,453,0.0
517,0.24209724194818744,0.11032586238164539,0.1247856595536718,0.5227912361164954,1.9522156121660494,4.35341084251588,0.0,5,453,0.0
518,0.4915334767018714,0.4673650486992649,0.0016831049949973642,0.03941836960386632,8.52022994351229,2.0407495566361558,0.0,5,526,0.0
519,0.07363926067987994,0.1276645251821925,0.1304722212025523,0.6682239929353753,5.064064869215325,3.884450400210722,0.0,5,481,0.0
520,0.1682589012130102,0.015928777340977154,0.09189846148543898,0.7239138599605736,9.166677874409265,0.35955354096199543,0.0,5,403,0.0
521,0.17640190060913358,0.3766017529779581,0.00972771699124048,0.43726862942166783,7.08599203925456,4.066841781601968,0.0,5,453,0.0
522,0.043364541127694806,0.015180692278471906,0.15312647060121606,0.7883282959926171,5.258225518551891,4.341776268332153,0.0,5,453,0.0
523,0.3390418491352604,0.09273858528943477,0.026357047129292713,0.541862518446012,5.784219000384134,0.37439349864461013,0.0,5,536,0.0
524,0.5208124508386044,0.06155590867646413,0.36015460457266885,0.0574770359122627,5.213713512452922,4.2519988259148676,0.0,5,453,0.0
525,0.05378465071562869,0.17326727262375802,0.4730044558283825,0.2999436208322309,3.073631250538523,1.8517032935409046,0.0,5,534,0.0
526,0.18190558547715233,0.06709953590281867,0.1044642951703287,0.6465305834497002,6.796855347406938,0.5495500669011766,0.0,5,490,0.0
40,0.010629806628737833,0.3075655300563658,0.4112748160906395,0.270529847224257,7.316627759600923,4.224359883862388,0.0,5,394,0.0
41,0.17842401885451273,0.23067879529056073,0.22650822497367917,0.3643889608812474,5.157285705921684,1.1246673496021704,0.0,5,534,0.0
529,0.03163534299776149,0.7477892927784894,0.13261519403104818,0.08796017019270091,9.472851145957161,1.9090478167109548,0.0,5,347,0.0
42,0.06774422064183405,0.10316410471796701,0.2234143167284891,0.6056773579117098,7.766512654735193,0.7437682147450669,0.0,5,394,0.0
531,0.13561943229280593,0.6876518078977036,0.09284596140179387,0.08388279840769657,1.7978934981440386,3.0206352121405002,0.0,5,481,0.0
532,0.04824158276622979,0.4318922951579291,0.28581533682702454,0.2340507852488166,1.3233011535326011,3.877769438162556,0.0,5,481,0.0
44,0.003658222267837247,0.10590489891720095,0.7054955988796672,0.1849412799352946,5.856277664110885,4.383652718769454,0.0,5,453,0.0
534,0.5443346267222535,0.26233814931040333,0.08800835796034909,0.10531886600699393,4.1215835520439414,2.0741407378428613,0.0,5,526,0.0
535,0.09948201121617288,0.09638012583237848,0.3264962177343247,0.47764164521712416,7.670332433868184,3.8737389902593913,0.0,5,430,0.0
536,0.09749238228225977,0.14561614835313394,0.539973330288885,0.21691813907572136,1.1930719520511746,4.85550271151526,0.0,5,453,0.0
45,0.2883224236749599,0.5537788831827369,0.05192106333317566,0.10597762980912752,7.576531289742649,2.7746417830568406,0.0,5,526,0.0
538,0.10424428408065566,0.3721012751285961,0.17572303470527842,0.34793140608546985,6.20545350679099,1.7448441012506544,0.0,5,534,0.0
539,0.17183995204333158,0.29630402802658923,0.22719543702186243,0.30466058290821674,7.572154522368374,1.7234041013287587,0.0,5,518,0.0
540,0.20882606271413304,0.05763717251089313,0.606776661629755,0.1267601031452188,3.762772176888597,1.638239197116091,0.0,5,534,0.0
541,0.062357175765655186,0.1925418198186872,0.32775727513467656,0.4173437292809812,8.06739547468887,0.06642656533906055,0.0,5,385,0.0
542,0.04214367583193888,0.07729655132273248,0.7010840419794019,0.17947573086592675,7.90593749890212,4.72258619340767,0.0,5,316,0.0
543,0.24529639672993003,0.47597268499414885,0.1568137912526695,0.1219171270232516,8.471489297086435,1.9492106094203638,0.0,5,515,0.0
544,0.0037165323042894728,0.3983458042856524,0.5404400703567397,0.05749759305331849,6.900685971310869,1.944170394506184,0.0,5,532,0.0
46,0.5072118684201121,0.03512719959455212,0.32383723370088596,0.13382369828444984,3.51814990683593,3.1542795491467546,0.0,5,481,0.0
546,0.06996879109684317,0.09134138147929499,0.4138549253019786,0.42483490212188335,9.31089134503965,3.184238272583031,0.0,5,234,0.0
547,0.4777097363200052,0.16000190898033326,0.05471915800940678,0.3075691966902549,3.428499799386522,2.9546723419994936,0.0,5,526,0.0
548,0.12434375646639591,0.055383393632874936,0.20821105350894425,0.6120617963917849,5.0222568707669115,3.8693499377784377,0.0,5,481,0.0
549,0.482136882916489,0.05065069791454921,0.1977604416902825,0.26945197747867916,7.761190772191378,1.6314558504603538,0.0,5,534,0.0
47,0.0478529985126536,0.2556036484774751,0.5081403942383897,0.1884029587714816,7.169659891630321,1.738374919246044,0.0,5,489,0.0
551,0.11636302749471542,0.08042937389357499,0.4595885268864492,0.3436190717252604,3.433972668505423,1.8828404069373388,0.0,5,534,0.0
552,0.010466028247141119,0.5726786755464504,0.18803049611043035,0.22882480009597805,6.537328998801971,1.3232974773576394,0.0,5,532,0.0
553,0.3804712177408874,0.11752573812153085,0.4622354003908015,0.039767643746780226,0.6762579787276746,4.283116375601277,0.0,5,453,0.0
554,0.03940933308891016,0.5088309852986594,0.18297000062170424,0.26878968099072614,5.898773620124124,1.097259286943209,0.0,5,533,0.0
555,0.39970285978042064,0.4089660767906249,0.05743396906876952,0.13389709436018504,6.319955130528322,2.3005767576701146,0.0,5,526,0.0
556,0.44874591030930444,0.20331644058540652,0.10989765830157744,0.23803999080371166,4.7067819416575905,4.015602922816201,0.0,5,453,0.0
557,0.09572454284163984,0.4822004392116593,0.03530552338723135,0.38676949455946946,7.068872069349537,4.996228904717293,0.0,5,453,0.0
558,0.16513789587290448,0.039799512104003634,0.4443287053666506,0.3507338866564413,6.902734108783767,3.507197888527656,0.0,5,473,0.0
559,0.6799494969416092,0.08658550760715125,0.12653104357604142,0.10693395187519829,3.3602465561024273,4.930200984577888,0.0,5,453,0.0
560,0.0740602005154887,0.08575038221927163,0.777810414627525,0.06237900263771475,3.980010549013815,3.5804633840236626,0.0,5,481,0.0
561,0.019895782865743922,0.5971776702849021,0.11823710060270341,0.26468944624665053,3.469954521698414,1.5447700913272977,0.0,5,534,0.0
562,0.11573953265177124,0.2531632690496589,0.06129526203335782,0.569801936265212,0.39411246988807935,4.577268723035309,0.0,5,453,0.0
563,0.035194156460272887,0.008582512533497842,0.8352456310466131,0.12097769995961608,6.951551035595729,3.03092122880058,0.0,5,427,0.0
49,0.0658634784072867,0.3041677868381367,0.3253948244299665,0.30457391032461,4.751921841045914,2.768993206874822,0.0,5,526,0.0
50,0.41722525087506895,0.0013000786546530079,0.44124758868178954,0.1402270817884884,1.4211482031852651,4.079646668790107,0.0,5,453,0.0
566,0.42147434981920995,0.029380712314833305,0.11337485119117605,0.4357700866747807,4.678956177082426,2.0089531812670227,0.0,5,526,0.0
567,0.11729918589667696,0.13928729349421484,0.6825489963250413,0.060864524284066975,4.4754095826053035,4.589653669738941,0.0,5,453,0.0
568,0.4763107077720028,0.35886501403189625,0.060455482669916356,0.10436879552618465,6.289373516319311,2.3701750807504087,0.0,5,526,0.0
5,0.36337799553684447,0.12374633524141941,0.2519928269445998,0.26088284227713626,6.082554438218213,2.747143044215612,0.0,5,526,0.0
570,0.4895159032822604,0.23683269895058803,0.1335109283093551,0.14014046945779643,1.236851826565455,2.1725560692960277,0.0,5,526,0.0
571,0.0023596117248644573,0.2539040945936543,0.39872311807304495,0.34501317560843614,8.793026678508243,1.3036268841674987,0.0,5,129,0.0
572,0.7012381249382775,0.08863907648268908,0.09922708533375207,0.11089571324528132,8.325863345133758,1.2712074773874176,0.0,5,534,0.0
51,0.38191251709585405,0.10817089898123027,0.317448802620517,0.19246778130239872,7.002414774649962,2.4338402562783075,0.0,5,526,0.0
574,0.27801302337578204,0.28838925815852984,0.005736523612700107,0.4278611948529879,8.861601287900505,1.3509015524997587,0.0,5,488,0.0
575,0.14068135253897457,0.30356544164746674,0.2387907384723342,0.31696246734122446,4.367096901287776,1.4365986539687725,0.0,5,534,0.0
576,0.32509715404302103,0.28783339552542164,0.3442813893856158,0.042788061045941496,2.1215427923120576,3.638730475011695,0.0,5,481,0.0
577,0.13938043717994636,0.4834181427126041,0.07676138241036197,0.3004400376970875,5.660591332198778,2.5069513285719673,0.0,5,526,0.0
578,0.16575016270143023,0.7128441981411479,0.11318622035101177,0.008219418806410085,9.641376871400544,2.071436591316289,0.0,5,479,0.0
579,0.4747602367769638,0.21765334268543435,0.01974330790822046,0.2878431126293814,8.500872793711013,4.00682289773734,0.0,5,453,0.0
52,0.10017380928106286,0.24015823797339161,0.6591600396712358,0.0005079130743098097,7.358533217414612,2.4480071493022653,0.0,5,508,0.0
581,0.10648518699817926,0.36799159162455786,0.1714069002342126,0.3541163211430503,3.1895548057262135,1.363152140461474,0.0,5,534,0.0
582,0.3160667308552733,0.1776956096597454,0.3216341118080725,0.18460354767690876,8.971892638923554,2.2736762588814727,0.0,5,498,0.0
583,0.009592171873351546,0.15011922758784996,0.34950082430431356,0.490787776234485,6.990264830617411,2.7929007958059597,0.0,5,376,0.0
53,0.5554083611761818,0.2637463038137088,0.0032543367914571906,0.17759099821865226,2.2527975439665826,3.551646422433075,0.0,5,481,0.0
54,0.13562208183198884,0.08404732965464841,0.4744318825753539,0.3058987059380089,9.486560916878354,4.21123901147501,0.0,5,348,0.0
586,0.6031363974448731,0.14351102886429293,0.22399885068689224,0.029353723003941755,8.925484246737227,3.2508283962578393,0.0,5,481,0.0
587,0.09355028026469563,0.6218407366958791,0.2463908571938016,0.0382181258456238,8.483603798087083,1.402067373643412,0.0,5,495,0.0
588,0.3238954323573452,0.6621131255452972,0.007555431499244387,0.0064360105981130615,6.47729684051145,4.320259414521262,0.0,5,453,0.0
589,0.16983280618849672,0.17940583541814306,0.1433658287713076,0.5073955296220525,7.1743990958725625,1.0050189749275966,0.0,5,498,0.0
590,0.05916191179822977,0.7113275395530209,0.11240881159389542,0.11710173705485401,8.119123651884822,4.4186614467562455,0.0,5,441,0.0
591,0.23441311617028335,0.35158562640974605,0.24398998058474,0.1700112768352305,3.5609066322986447,3.7468127031533403,0.0,5,481,0.0
592,0.17150558073256916,0.35195507035964885,0.04043946298086846,0.4360998859269136,9.28962843999409,4.163166514129623,0.0,5,416,0.0
55,0.1629026232009531,0.13520494801528193,0.2298474327390094,0.4720449960447555,2.7555065004490977,1.7261618010159814,0.0,5,534,0.0
594,0.04576572446095761,0.39714025004493714,0.4717108421262628,0.08538318336784233,6.875954795512676,3.061551705740287,0.0,5,481,0.0
595,0.16450406975514145,0.1455061304041823,0.6219954681029314,0.06799433173774495,3.7740099264592075,1.3436834842277923,0.0,5,534,0.0
596,0.11593008128806134,0.36700245179164964,0.1166821447646438,0.4003853221556452,3.2252794600117776,2.529926650826017,0.0,5,526,0.0
597,0.381318003567165,0.48597635130811356,0.11095573951781415,0.02174990560690722,7.968327646614765,2.0460520734743275,0.0,5,526,0.0
598,0.3465580891598767,0.1371706217199955,0.2422146234134772,0.27405666570665066,9.123751788733108,2.468012255777351,0.0,5,492,0.0
599,0.6016213459556231,0.007737022966114138,0.2671941915728531,0.12344743950540965,8.32849660878359,4.155175397863675,0.0,5,453,0.0
24,0.004495031664004694,0.26189829077340987,0.06478236952220459,0.6688243080403807,2.885993770267733,2.287100340315505,0.0,5,526,0.0
