date,open,high,low,close,volume
,WELL-USD,WELL-USD,WELL-USD,WELL-USD,WELL-USD
2020-12-07,0.20821300148963928,0.20901800692081451,0.2082030028104782,0.20900900661945343,0
2020-12-08,0.2090190052986145,0.21576200425624847,0.19546599686145782,0.2036460041999817,0
2020-12-09,0.20363999903202057,0.20455099642276764,0.1921679973602295,0.19838400185108185,0
2020-12-10,0.19837599992752075,0.2093459963798523,0.19726799428462982,0.20263800024986267,0
2020-12-11,0.2026509940624237,0.20451800525188446,0.201091006398201,0.20359200239181519,0
2020-12-12,0.20359300076961517,0.20434199273586273,0.20047999918460846,0.20210100710391998,0
2020-12-13,0.20209400355815887,0.20793099701404572,0.20087899267673492,0.20629100501537323,0
2020-12-14,0.20629599690437317,0.20972299575805664,0.20507599413394928,0.20948100090026855,0
2020-12-15,0.2094859927892685,0.21542799472808838,0.2054090052843094,0.21080000698566437,0
2020-12-16,0.21079300343990326,0.2151859998703003,0.20605699717998505,0.2114810049533844,0
2020-12-17,0.21149499714374542,0.23304800689220428,0.21082699298858643,0.2277580052614212,0
2020-12-18,0.22776800394058228,0.2518109977245331,0.22718499600887299,0.23861299455165863,0
2020-12-19,0.2386070042848587,0.2541710138320923,0.23737899959087372,0.25402700901031494,0
2020-12-20,0.25402700901031494,0.2684510052204132,0.24912700057029724,0.2660050094127655,0
2020-12-21,0.2660050094127655,0.2714979946613312,0.2561500072479248,0.2561579942703247,0
2020-12-22,0.25615599751472473,0.3187359869480133,0.2543239891529083,0.30738601088523865,0
2020-12-23,0.3073900043964386,0.32574599981307983,0.30531200766563416,0.3155269920825958,0
2020-12-24,0.3155190050601959,0.31752699613571167,0.28262099623680115,0.2993679940700531,0
2020-12-25,0.29937899112701416,0.31978899240493774,0.29166001081466675,0.3174540102481842,0
2020-12-26,0.317454993724823,0.318791002035141,0.2962540090084076,0.30163198709487915,0
2020-12-27,0.30164098739624023,0.3183479905128479,0.2897300124168396,0.30125001072883606,0
2020-12-28,0.301254004240036,0.34086498618125916,0.29645100235939026,0.3283489942550659,0
2020-12-29,0.328341007232666,0.3360939919948578,0.3155739903450012,0.3338269889354706,0
2020-12-30,0.33382898569107056,0.37777799367904663,0.3314659893512726,0.37470299005508423,0
2020-12-31,0.37470299005508423,0.41042399406433105,0.3730179965496063,0.4087449908256531,0
2021-01-01,0.4087440073490143,0.4285160005092621,0.3540880084037781,0.42710399627685547,0
2021-01-02,0.4271169900894165,0.42820799350738525,0.4067389965057373,0.4069780111312866,0
2021-01-03,0.407043993473053,0.42406100034713745,0.3801079988479614,0.40649598836898804,0
2021-01-04,0.40650901198387146,0.40761199593544006,0.3751699924468994,0.39265701174736023,0
2021-01-05,0.3926500082015991,0.39510199427604675,0.32694798707962036,0.35427701473236084,0
2021-01-06,0.3542790114879608,0.3898240029811859,0.34917500615119934,0.35651499032974243,0
2021-01-07,0.35654398798942566,0.3700830042362213,0.34549298882484436,0.36253899335861206,0
2021-01-08,0.3625450134277344,0.37013500928878784,0.35294899344444275,0.36880600452423096,0
2021-01-09,0.36881598830223083,0.36932700872421265,0.35215499997138977,0.3565230071544647,0
2021-01-10,0.356548011302948,0.3694080114364624,0.3533119857311249,0.3533790111541748,0
2021-01-11,0.3533790111541748,0.3663040101528168,0.3089990019798279,0.3303860127925873,0
2021-01-12,0.3303939998149872,0.34989699721336365,0.3294439911842346,0.34275999665260315,0
2021-01-13,0.342741996049881,0.34972500801086426,0.33466601371765137,0.34871500730514526,0
2021-01-14,0.3487060070037842,0.3496989905834198,0.3381809890270233,0.3439500033855438,0
2021-01-15,0.3439429998397827,0.3451879918575287,0.32306399941444397,0.3291589915752411,0
2021-01-16,0.3291490077972412,0.36519700288772583,0.3099690079689026,0.364764004945755,0
2021-01-17,0.3647710084915161,0.3736230134963989,0.3291630148887634,0.35546600818634033,0
2021-01-18,0.355446994304657,0.3999750018119812,0.35238200426101685,0.3867090046405792,0
2021-01-19,0.386709988117218,0.3913539946079254,0.37851500511169434,0.38038399815559387,0
2021-01-20,0.3803659975528717,0.3803809881210327,0.35139501094818115,0.3725529909133911,0
2021-01-21,0.3725549876689911,0.37673699855804443,0.353969007730484,0.356689989566803,0
2021-01-22,0.35669100284576416,0.4586249887943268,0.3365379869937897,0.44284799695014954,0
2021-01-23,0.4427970051765442,0.4428440034389496,0.3896160125732422,0.3999269902706146,0
2021-01-24,0.3999220132827759,0.4008919894695282,0.3466910123825073,0.38103601336479187,0
2021-01-25,0.38103899359703064,0.40002599358558655,0.3509860038757324,0.39377498626708984,0
2021-01-26,0.39378899335861206,0.39513298869132996,0.3760649859905243,0.38021400570869446,0
2021-01-27,0.3802109956741333,0.3970850110054016,0.36485499143600464,0.37095099687576294,0
2021-01-28,0.3709529936313629,0.4005579948425293,0.3708310127258301,0.3809329867362976,0
2021-01-29,0.3809869885444641,0.3957040011882782,0.37120500206947327,0.37429800629615784,0
2021-01-30,0.37428200244903564,0.38938000798225403,0.3469280004501343,0.3648670017719269,0
2021-01-31,0.36485299468040466,0.38535499572753906,0.3572390079498291,0.37050899863243103,0
2021-02-01,0.37049901485443115,0.5999770164489746,0.35531899333000183,0.3820570111274719,0
2021-02-02,0.38204601407051086,0.38967201113700867,0.3707579970359802,0.37632501125335693,0
2021-02-03,0.376336008310318,0.39228200912475586,0.3748289942741394,0.37989500164985657,0
2021-02-04,0.3798849880695343,0.3845059871673584,0.35156500339508057,0.35907599329948425,0
2021-02-05,0.3590880036354065,0.38719600439071655,0.339805006980896,0.35815298557281494,0
2021-02-06,0.358146995306015,0.3768939971923828,0.35262998938560486,0.36360499262809753,0
2021-02-07,0.36360999941825867,0.37529200315475464,0.35680699348449707,0.3693540096282959,0
2021-02-08,0.3693470060825348,0.37502801418304443,0.36038199067115784,0.3668600022792816,0
2021-02-09,0.3668830096721649,0.3722530007362366,0.34201300144195557,0.35791999101638794,0
2021-02-10,0.3579399883747101,0.3708049952983856,0.3455260097980499,0.36076900362968445,0
2021-02-11,0.36076000332832336,0.37384098768234253,0.34310901165008545,0.3694620132446289,0
2021-02-12,0.36943599581718445,0.3747360110282898,0.3503359854221344,0.3600110113620758,0
2021-02-13,0.36000800132751465,0.3752020001411438,0.35130399465560913,0.3579919934272766,0
2021-02-14,0.35799598693847656,0.36832699179649353,0.3517630100250244,0.35526299476623535,0
2021-02-15,0.3552649915218353,0.3688429892063141,0.351173996925354,0.3593739867210388,0
2021-02-16,0.359389990568161,0.36996498703956604,0.3569299876689911,0.362060010433197,0
2021-02-17,0.3620460033416748,0.3696869909763336,0.355677992105484,0.36223000288009644,0
2021-02-18,0.3622339963912964,0.37419000267982483,0.3596859872341156,0.36730900406837463,0
2021-02-19,0.36730700731277466,0.37484899163246155,0.3655110001564026,0.3739889860153198,0
2021-02-20,0.37397500872612,0.44002899527549744,0.3720470070838928,0.4242289960384369,0
2021-02-21,0.4242289960384369,0.4912300109863281,0.3887900114059448,0.43614399433135986,0
2021-02-22,0.43614500761032104,0.4955570101737976,0.42785999178886414,0.4782490134239197,0
2021-02-23,0.47825300693511963,0.598019003868103,0.47825300693511963,0.5547109842300415,0
2021-02-24,0.554718017578125,0.6690599918365479,0.5474720001220703,0.6501849889755249,0
2021-02-25,0.6501920223236084,0.6804590225219727,0.633974015712738,0.6352580189704895,0
2021-02-26,0.6352940201759338,0.730800986289978,0.5440580248832703,0.6849489808082581,183778
2021-02-27,0.6849870085716248,0.6925050020217896,0.6444000005722046,0.6780940294265747,154527
2021-02-28,0.6780610084533691,0.6795560121536255,0.612559974193573,0.6491039991378784,154009
2021-03-01,0.6491050124168396,0.8310239911079407,0.6277459859848022,0.7820770144462585,187430
2021-03-02,0.7820370197296143,0.794448971748352,0.7396259903907776,0.7750309705734253,181748
2021-03-03,0.7750470042228699,0.7934430241584778,0.7232239842414856,0.7774419784545898,184318
2021-03-04,0.7774490118026733,0.8453779816627502,0.7626799941062927,0.7976059913635254,167967
2021-03-05,0.7976149916648865,0.7983670234680176,0.7697799801826477,0.7850409746170044,152784
2021-03-06,0.7850480079650879,0.7877969741821289,0.5692039728164673,0.7303979992866516,172534
2021-03-07,0.7304239869117737,0.7684999704360962,0.6544489860534668,0.705706000328064,168181
2021-03-08,0.705718994140625,0.7767969965934753,0.6809449791908264,0.7416279911994934,179462
2021-03-09,0.7416269779205322,3.6867458820343018,0.7054610252380371,0.7260439991950989,175219
2021-03-10,0.726061999797821,0.7433670163154602,0.7124860286712646,0.7285240292549133,169432
2021-03-11,0.7284970283508301,0.7313349843025208,0.7205269932746887,0.7238529920578003,165678
2021-03-12,0.7238720059394836,0.840719997882843,0.7144359946250916,0.7361639738082886,171575
2021-03-13,0.7361850142478943,0.7946239709854126,0.7338119745254517,0.7769219875335693,181388
2021-03-14,0.7769010066986084,0.7937470078468323,0.7674310207366943,0.7789040207862854,152696
2021-03-15,0.7788969874382019,0.7890769839286804,0.7762920260429382,0.7825700044631958,181265
2021-03-16,0.7825700044631958,0.7849879860877991,0.7738800048828125,0.7789509892463684,176798
2021-03-17,0.7789700031280518,0.7808229923248291,0.735014021396637,0.7386760115623474,170073
2021-03-18,0.738644003868103,0.7404429912567139,0.7099530100822449,0.7109469771385193,161186
2021-03-19,0.710893988609314,0.7431489825248718,0.710893988609314,0.7380959987640381,171110
2021-03-20,0.7379860281944275,0.7379860281944275,0.7028449773788452,0.7093999981880188,164702
2021-03-21,0.7093009948730469,0.7707669734954834,0.6229820251464844,0.7069339752197266,158062
2021-03-22,0.7070130109786987,0.7113490104675293,0.7034059762954712,0.7068660259246826,165848
2021-03-23,0.7069230079650879,0.7113860249519348,0.7042340040206909,0.7074499726295471,165378
2021-03-24,0.707601010799408,0.7108830213546753,0.7045350074768066,0.7078440189361572,167817
2021-03-25,0.7078580260276794,0.7099840044975281,0.6822490096092224,0.6859539747238159,160899
2021-03-26,0.6859220266342163,0.6881430149078369,0.6467180252075195,0.6525099873542786,154724
2021-03-27,0.6524209976196289,0.6531850099563599,0.6195570230484009,0.6380689740180969,151016
2021-03-28,0.6381300091743469,0.6420609951019287,0.6016820073127747,0.6059690117835999,142649
2021-03-29,0.6059020161628723,0.6114510297775269,0.602558970451355,0.6094260215759277,140955
2021-03-30,0.6094009876251221,0.6110950112342834,0.6015139818191528,0.6055840253829956,142441
2021-03-31,0.6056410074234009,0.7166770100593567,0.5899490118026733,0.5960080027580261,141863
2021-04-01,0.5960599780082703,0.6857630014419556,0.5918139815330505,0.6720690131187439,165297
2021-04-02,0.6719980239868164,0.7036060094833374,0.6700969934463501,0.6850799918174744,162306
2021-04-03,0.6850249767303467,0.6908239722251892,0.5722780227661133,0.5755550265312195,137858
2021-04-04,0.5754939913749695,0.6374449729919434,0.5705680251121521,0.6292099952697754,145537
2021-04-05,0.6292679905891418,0.6418060064315796,0.5721409916877747,0.5949000120162964,142572
2021-04-06,0.5949360132217407,0.5949360132217407,0.5691819787025452,0.5800769925117493,135777
2021-04-07,0.5801399946212769,0.589381992816925,0.5351709723472595,0.5378990173339844,126153
2021-04-08,0.5379089713096619,0.5394020080566406,0.5068039894104004,0.508791983127594,121315
2021-04-09,0.5087839961051941,0.5549910068511963,0.4893209934234619,0.5528929829597473,130245
2021-04-10,0.5528900027275085,0.5554569959640503,0.5007349848747253,0.5030959844589233,120923
2021-04-11,0.5031009912490845,0.5824900269508362,0.5003290176391602,0.5559689998626709,131994
2021-04-12,0.5559030175209045,0.59831702709198,0.5523750185966492,0.5927389860153198,138866
2021-04-13,0.5927619934082031,0.5985990166664124,0.566868007183075,0.5716120004653931,133470
2021-04-14,0.5716099739074707,0.5758979916572571,0.5680500268936157,0.5719910264015198,136292
2021-04-15,0.572022020816803,0.5996019840240479,0.5564770102500916,0.5594859719276428,133483
2021-04-16,0.559319019317627,0.5617650151252747,0.5568310022354126,0.5589489936828613,129508
2021-04-17,0.558929979801178,0.6318830251693726,0.5560169816017151,0.6278359889984131,152727
2021-04-18,0.6279109716415405,0.6461979746818542,0.5799739956855774,0.5956240296363831,140759
2021-04-19,0.595740020275116,0.6096959710121155,0.5552570223808289,0.5559239983558655,133480
2021-04-20,0.5557479858398438,0.5718500018119812,0.5532860159873962,0.5711629986763,135063
2021-04-21,0.5711650252342224,0.6336820125579834,0.5592290163040161,0.6142230033874512,143896
2021-04-22,0.6141579747200012,0.709621012210846,0.6119679808616638,0.6648169755935669,161171
2021-04-23,0.6649600267410278,0.6669939756393433,0.5606330037117004,0.5911679863929749,115587
2021-04-24,0.5912960171699524,0.6207950115203857,0.5910869836807251,0.6061750054359436,128744
2021-04-25,0.6060450077056885,0.6610980033874512,0.5913050174713135,0.6113790273666382,139113
2021-04-26,0.6112599968910217,0.6496729850769043,0.5978649854660034,0.6481289863586426,150431
2021-04-27,0.6480270028114319,0.6562299728393555,0.6319230198860168,0.6412879824638367,105361
2021-04-28,0.6412400007247925,0.7017970085144043,0.638634979724884,0.6992819905281067,158840
2021-04-29,0.6992369890213013,0.7021269798278809,0.6957200169563293,0.6984699964523315,163121
2021-04-30,0.6984760165214539,1.3062469959259033,0.5910829901695251,0.591126024723053,119026
2021-05-01,0.5912050008773804,0.7867509722709656,0.5910879969596863,0.7846419811248779,191673
2021-05-02,0.784587025642395,0.7870789766311646,0.7677639722824097,0.7770839929580688,157245
2021-05-03,0.7771030068397522,0.7874019742012024,0.7725710272789001,0.78541499376297,161230
2021-05-04,0.7854300141334534,0.8136360049247742,0.7678620219230652,0.8033249974250793,181120
2021-05-05,0.8031610250473022,0.8267980217933655,0.7716649770736694,0.823606014251709,183568
2021-05-06,0.8233969807624817,0.8392750024795532,0.8205469846725464,0.8367409706115723,201353
2021-05-07,0.8369410037994385,0.8396099805831909,0.6974620223045349,0.7389310002326965,187955
2021-05-08,0.7391229867935181,0.8005549907684326,0.7283080220222473,0.7711349725723267,192463
2021-05-09,0.7710599899291992,0.7804070115089417,0.7349219918251038,0.7376189827919006,142537
2021-05-10,0.7376430034637451,0.7594419717788696,0.721593976020813,0.7499729990959167,181762
2021-05-11,0.7500020265579224,0.8002579808235168,0.6339150071144104,0.6906430125236511,132785
2021-05-12,0.69057697057724,0.712336003780365,0.6901509761810303,0.7012860178947449,159858
2021-05-13,0.701295018196106,0.7115309834480286,0.6978179812431335,0.7027789950370789,161845
2021-05-14,0.7026069760322571,0.7323129773139954,0.6983109712600708,0.7108759880065918,172303
2021-05-15,0.7109749913215637,0.7135859727859497,0.7008000016212463,0.7116000056266785,140794
2021-05-16,0.7113739848136902,0.7133280038833618,0.5724120140075684,0.574379026889801,95241
2021-05-17,0.5743860006332397,0.7021260261535645,0.5680239796638489,0.6733289957046509,115589
2021-05-18,0.6730669736862183,0.6758260130882263,0.6678720116615295,0.6743199825286865,162703
2021-05-19,0.6743590235710144,0.6755759716033936,0.5802779793739319,0.6230199933052063,151334
2021-05-20,0.6230049729347229,0.6363829970359802,0.5740100145339966,0.5966730117797852,144558
2021-05-21,0.5967029929161072,0.6853129863739014,0.5628719925880432,0.5741750001907349,141082
2021-05-22,0.5741819739341736,0.5837649703025818,0.5726540088653564,0.582726001739502,136630
2021-05-23,0.582705020904541,0.6147890090942383,0.5114060044288635,0.516431987285614,123331
2021-05-24,0.5164629817008972,0.5840659737586975,0.50838702917099,0.5771179795265198,140400
2021-05-25,0.5771480202674866,0.860588014125824,0.5706999897956848,0.8562139868736267,196746
2021-05-26,0.8562819957733154,1.2008229494094849,0.8562819957733154,0.9000440239906311,177939
2021-05-27,0.899986982345581,0.9851210117340088,0.899986982345581,0.9764919877052307,174519
2021-05-28,0.9764670133590698,0.9829270243644714,0.7685179710388184,0.771058976650238,138340
2021-05-29,0.7709710001945496,0.7727010250091553,0.6956549882888794,0.6979699730873108,120960
2021-05-30,0.6979740262031555,0.7685289978981018,0.6883190274238586,0.6902689933776855,123218
2021-05-31,0.6903430223464966,0.6932209730148315,0.649832010269165,0.6573160290718079,114913
2021-06-01,0.6573500037193298,0.6617550253868103,0.6440430283546448,0.6570979952812195,113984
2021-06-02,0.6571710109710693,0.6622239947319031,0.6220539808273315,0.624767005443573,109360
2021-06-03,0.6248440146446228,0.6354860067367554,0.6204190254211426,0.6302080154418945,113624
2021-06-04,0.6302599906921387,0.6557070016860962,0.6201900243759155,0.6516649723052979,113804
2021-06-05,0.6515750288963318,0.656544029712677,0.6365259885787964,0.6401320099830627,113240
2021-06-06,0.6399999856948853,0.6890029907226562,0.6359609961509705,0.6510440111160278,118229
2021-06-07,0.6510459780693054,0.6717299818992615,0.6476619839668274,0.6683869957923889,117858
2021-06-08,0.6684269905090332,0.6702659726142883,0.6392369866371155,0.6410689949989319,115668
2021-06-09,0.6410620212554932,0.646032989025116,0.636231005191803,0.6425489783287048,115474
2021-06-10,0.642566978931427,0.6456990242004395,0.612197995185852,0.6197789907455444,107264
2021-06-11,0.6197569966316223,0.62773197889328,0.6057010293006897,0.6191740036010742,110532
2021-06-12,0.6192160248756409,0.6272500157356262,0.6119040250778198,0.6192110180854797,109164
2021-06-13,0.6192049980163574,0.6274710297584534,0.6116380095481873,0.6148970127105713,108674
2021-06-14,0.6149359941482544,0.6305400133132935,0.6111630201339722,0.6286410093307495,109911
2021-06-15,0.6155809760093689,0.641834020614624,0.612097978591919,0.6394789814949036,110058
2021-06-16,0.6254410147666931,0.6340460181236267,0.6193709969520569,0.6202830076217651,93302
2021-06-17,0.6202139854431152,0.7287399768829346,0.6195170283317566,0.7287179827690125,101943
2021-06-18,0.7287430167198181,0.7288789749145508,0.5770879983901978,0.5775820016860962,127518
2021-06-19,0.5776090025901794,0.6159210205078125,0.577530026435852,0.6094629764556885,78156
2021-06-20,0.6093829870223999,0.6154969930648804,0.6092870235443115,0.6113640069961548,98498
2021-06-21,0.6113349795341492,0.6156859993934631,0.6096060276031494,0.6133149862289429,106598
2021-06-22,0.6132550239562988,0.6372690200805664,0.5740759968757629,0.577593982219696,100959
2021-06-23,0.5775780081748962,0.5910940170288086,0.5728390216827393,0.577580988407135,101465
2021-06-24,0.5728809833526611,0.5971310138702393,0.5613679885864258,0.5886309742927551,103437
2021-06-25,0.5886880159378052,0.5959399938583374,0.5650510191917419,0.5672370195388794,531798
2021-06-26,0.5672029852867126,0.5724130272865295,0.5281599760055542,0.5509080290794373,481123
2021-06-27,0.550849974155426,0.5648329854011536,0.5389800071716309,0.5605430006980896,534442
2021-06-28,0.560509979724884,0.571012020111084,0.5519279837608337,0.5658959746360779,443697
2021-06-29,0.5658310055732727,0.5741080045700073,0.5434150099754333,0.5695570111274719,411727
2021-06-30,0.5695009827613831,0.570472002029419,0.5542770028114319,0.5583069920539856,437533
2021-07-01,0.5582950115203857,0.5667139887809753,0.54762202501297,0.5521379709243774,338688
2021-07-02,0.5521190166473389,0.5629929900169373,0.5401340126991272,0.5455780029296875,444813
2021-07-03,0.5455480217933655,0.5526530146598816,0.5339639782905579,0.536300003528595,479957
2021-07-04,0.5362690091133118,0.5387290120124817,0.51528400182724,0.5188779830932617,558079
2021-07-05,0.5189279913902283,0.5467560291290283,0.5181379914283752,0.5300189852714539,668256
2021-07-06,0.5299969911575317,0.5405129790306091,0.5107740163803101,0.5225939750671387,665090
2021-07-07,0.5226240158081055,0.5314610004425049,0.5059289932250977,0.5162789821624756,571117
2021-07-08,0.5163159966468811,0.5240830183029175,0.5032179951667786,0.512253999710083,522081
2021-07-09,0.5122479796409607,0.5128819942474365,0.49785900115966797,0.49954599142074585,503637
2021-07-10,0.4995110034942627,0.5023999810218811,0.4849640130996704,0.5006750226020813,396650
2021-07-11,0.5006290078163147,0.5109750032424927,0.49865901470184326,0.5039740204811096,389905
2021-07-12,0.5039499998092651,0.5128690004348755,0.5021629929542542,0.5087680220603943,381202
2021-07-13,0.5087530016899109,0.5130320191383362,0.5038149952888489,0.5044670104980469,401015
2021-07-14,0.5044010281562805,0.5062419772148132,0.4964289963245392,0.5016649961471558,347032
2021-07-15,0.5016999840736389,0.5055819749832153,0.4927459955215454,0.4947589933872223,297787
2021-07-16,0.4948129951953888,0.4981229901313782,0.43916699290275574,0.4566420018672943,417314
2021-07-17,0.45662400126457214,0.4902670085430145,0.4284150004386902,0.4615199863910675,356007
2021-07-18,0.4615209996700287,0.48993200063705444,0.43560299277305603,0.43724000453948975,201120
2021-07-19,0.4372270107269287,0.46132799983024597,0.43073299527168274,0.4498090147972107,234266
2021-07-20,0.4498080015182495,0.45091500878334045,0.4095810055732727,0.4210110008716583,559341
2021-07-21,0.4210149943828583,0.4374389946460724,0.42030298709869385,0.4374389946460724,722158
2021-07-22,0.4374389946460724,0.4584760069847107,0.4232330024242401,0.4544439911842346,808171
2021-07-23,0.4544439911842346,0.47863098978996277,0.4503859877586365,0.4687660038471222,807651
2021-07-24,0.46877801418304443,0.47673898935317993,0.45101699233055115,0.4684610068798065,726400
2021-07-25,0.4684610068798065,0.5189329981803894,0.4573329985141754,0.5059260129928589,974442
2021-07-26,0.5059360265731812,0.507652997970581,0.4718419909477234,0.4880329966545105,1058323
2021-07-27,0.48808300495147705,0.49095600843429565,0.478861004114151,0.4881190061569214,663554
2021-07-28,0.48811599612236023,0.4905889928340912,0.4712809920310974,0.4837320148944855,676167
2021-07-29,0.4837479889392853,0.4944469928741455,0.4769900143146515,0.48700499534606934,606401
2021-07-30,0.486968994140625,0.5279489755630493,0.4723280072212219,0.4976480007171631,1207746
2021-07-31,0.49759000539779663,0.4995749890804291,0.4812679886817932,0.49344098567962646,1244641
2021-08-01,0.49338799715042114,0.499457985162735,0.47893598675727844,0.4980050027370453,821284
2021-08-02,0.4980199933052063,0.4986729919910431,0.4815259873867035,0.4953390061855316,1078450
2021-08-03,0.4953390061855316,0.4997139871120453,0.4868820011615753,0.49437201023101807,1037888
2021-08-04,0.49435099959373474,0.499783992767334,0.4824320077896118,0.4949280023574829,1244249
2021-08-05,0.494937002658844,0.5038849711418152,0.4825800061225891,0.4939489960670471,1125427
2021-08-06,0.4939599931240082,0.5164480209350586,0.48982998728752136,0.4948909878730774,1079886
2021-08-07,0.49490800499916077,0.6339520215988159,0.48468199372291565,0.5450569987297058,1588473
2021-08-08,0.5449950098991394,0.5812469720840454,0.5369889736175537,0.5663779973983765,1688415
2021-08-09,0.5664340257644653,0.6313610076904297,0.5470150113105774,0.5942909717559814,2061381
2021-08-10,0.594307005405426,0.6221709847450256,0.5599169731140137,0.5818880200386047,1915672
2021-08-11,0.5819029808044434,0.5862500071525574,0.5643979907035828,0.577879011631012,1321479
2021-08-12,0.5778930187225342,0.5807049870491028,0.5572059750556946,0.5807049870491028,1272447
2021-08-13,0.5806930065155029,0.5813800096511841,0.5580310225486755,0.5669190287590027,891801
2021-08-14,0.5669689774513245,0.5832399725914001,0.5618090033531189,0.5736160278320312,935523
2021-08-15,0.5735350251197815,0.5767040252685547,0.5630900263786316,0.5630990266799927,921350
2021-08-16,0.5631089806556702,0.6070749759674072,0.5575090050697327,0.5994629859924316,1085840
2021-08-17,0.5994880199432373,0.6186789870262146,0.587943971157074,0.593870997428894,1262140
2021-08-18,0.5938760042190552,0.5973610281944275,0.5762569904327393,0.5871880054473877,1311442
2021-08-19,0.5871229767799377,0.5974259972572327,0.574874997138977,0.5826929807662964,1136259
2021-08-20,0.5826830267906189,0.7135260105133057,0.5590389966964722,0.5691630244255066,1093544
2021-08-21,0.5692390203475952,0.5732669830322266,0.5516499876976013,0.5694990158081055,1007231
2021-08-22,0.5695570111274719,0.5731350183486938,0.5550270080566406,0.5619779825210571,920751
2021-08-23,0.5619860291481018,0.5757219791412354,0.531129002571106,0.5448470115661621,1202498
2021-08-24,0.5448639988899231,1.0983400344848633,0.5321990251541138,0.5819290280342102,2138403
2021-08-25,0.5818510055541992,0.6097019910812378,0.5188440084457397,0.537132978439331,1255701
2021-08-26,0.537132978439331,0.5417090058326721,0.49484801292419434,0.4971829950809479,766312
2021-08-27,0.49713799357414246,0.5392810106277466,0.4885610044002533,0.5333510041236877,754280
2021-08-28,0.5333070158958435,0.5413280129432678,0.5025399923324585,0.5145639777183533,503290
2021-08-29,0.5145969986915588,0.5228909850120544,0.48984700441360474,0.5142470002174377,454407
2021-08-30,0.514769971370697,0.5395820140838623,0.4818579852581024,0.5075690150260925,460178
2021-08-31,0.5069890022277832,0.5338460206985474,0.48300498723983765,0.4874120056629181,418231
2021-09-01,0.4874120056629181,0.5262230038642883,0.35870999097824097,0.3625530004501343,586156
2021-09-02,0.37481701374053955,0.4821000099182129,0.3495410084724426,0.35113900899887085,608329
2021-09-03,0.3510630130767822,0.5136340260505676,0.3510630130767822,0.48807498812675476,711406
2021-09-04,0.48806801438331604,0.5162270069122314,0.4479680061340332,0.4926689863204956,656461
2021-09-05,0.4925859868526459,0.5170860290527344,0.49160701036453247,0.5117170214653015,669942
2021-09-06,0.5116940140724182,0.5280910134315491,0.5050010085105896,0.5100849866867065,631055
2021-09-07,0.5101019740104675,0.5220140218734741,0.46383601427078247,0.495388001203537,569739
2021-09-08,0.49529901146888733,0.5188040137290955,0.4907509982585907,0.5065400004386902,585768
2021-09-09,0.5054010152816772,0.5109500288963318,0.4670870006084442,0.5058910250663757,538158
2021-09-10,0.505886971950531,0.5084369778633118,0.4906420111656189,0.4920690059661865,513509
2021-09-11,0.4921000003814697,0.5087000131607056,0.4917689859867096,0.5066699981689453,490680
2021-09-12,0.5066279768943787,0.5097479820251465,0.489874005317688,0.49622398614883423,542871
2021-09-13,0.4962559938430786,0.5061650276184082,0.46091699600219727,0.46456199884414673,493881
2021-09-14,0.4645079970359802,0.4972490072250366,0.4638819992542267,0.49315398931503296,417075
2021-09-15,0.49311599135398865,0.5000200271606445,0.4643099904060364,0.47329598665237427,442882
2021-09-16,0.47335800528526306,0.49995601177215576,0.44096899032592773,0.4773609936237335,308000
2021-09-17,0.47741401195526123,0.5014100074768066,0.4710710048675537,0.4835500121116638,380381
2021-09-18,0.48356500267982483,0.5140659809112549,0.4762589931488037,0.5118529796600342,299331
2021-09-19,0.5118359923362732,0.5303400158882141,0.49027198553085327,0.5135260224342346,315791
2021-09-20,0.5135840177536011,0.542382001876831,0.5097619891166687,0.5173010230064392,361342
2021-09-21,0.5172299742698669,0.547061026096344,0.5097650289535522,0.5387750267982483,385237
2021-09-22,0.5387579798698425,0.5451629757881165,0.5107889771461487,0.5140010118484497,356327
2021-09-23,0.5140100121498108,0.5676169991493225,0.5031030178070068,0.5387899875640869,345305
2021-09-24,0.538769006729126,0.5876060128211975,0.5016850233078003,0.5840330123901367,257361
2021-09-25,0.5840219855308533,0.5918449759483337,0.5459510087966919,0.5856189727783203,196041
2021-09-26,0.585623025894165,0.5976750254631042,0.4936070144176483,0.5043330192565918,460482
2021-09-27,0.5043200254440308,0.6067079901695251,0.4406439960002899,0.4481689929962158,602293
2021-09-28,0.448170006275177,0.4729669988155365,0.43714600801467896,0.45171400904655457,504729
2021-09-29,0.45167601108551025,0.5335080027580261,0.45040300488471985,0.46518298983573914,512447
2021-09-30,0.46516600251197815,0.5303919911384583,0.44253799319267273,0.44681599736213684,585056
2021-10-01,0.44680899381637573,0.45378100872039795,0.33209699392318726,0.3422189950942993,281088
2021-10-02,0.3422450125217438,0.38130998611450195,0.3201430141925812,0.3280929923057556,208393
2021-10-03,0.3280450105667114,0.34602001309394836,0.3016679883003235,0.31265100836753845,196351
2021-10-04,0.31263500452041626,0.38016098737716675,0.3024350106716156,0.32184499502182007,226575
2021-10-05,0.3218330144882202,0.3272480070590973,0.2982720136642456,0.30755600333213806,188952
2021-10-06,0.307545006275177,0.35916000604629517,0.30467599630355835,0.31434398889541626,172043
2021-10-07,0.31431201100349426,0.3327459990978241,0.30524298548698425,0.3207229971885681,204505
2021-10-08,0.3207300007343292,0.3252809941768646,0.3007439970970154,0.308228999376297,164041
2021-10-09,0.30824699997901917,0.31184399127960205,0.29531899094581604,0.31004199385643005,161376
2021-10-10,0.3100079894065857,0.3176009953022003,0.30534300208091736,0.30609801411628723,176863
2021-10-11,0.30612799525260925,0.31730300188064575,0.2923460006713867,0.3033669888973236,147018
2021-10-12,0.3033890128135681,0.3079090118408203,0.2907710075378418,0.2996779978275299,137646
2021-10-13,0.29971298575401306,0.31355100870132446,0.29933398962020874,0.30651599168777466,103348
2021-10-14,0.3065040111541748,0.3117409944534302,0.29054099321365356,0.30496498942375183,91737
2021-10-15,0.30496299266815186,0.30496299266815186,0.2587369978427887,0.26909101009368896,89222
2021-10-16,0.26909399032592773,0.27963098883628845,0.25263598561286926,0.25720399618148804,82766
2021-10-17,0.2571989893913269,0.26401400566101074,0.2448579967021942,0.2522349953651428,78991
2021-10-18,0.2522349953651428,0.2883389890193939,0.23911699652671814,0.2534630000591278,99772
2021-10-19,0.2534550130367279,0.2685120105743408,0.22445300221443176,0.24553599953651428,55438
2021-10-20,0.24553799629211426,0.25556299090385437,0.21486599743366241,0.23232899606227875,40970
2021-10-21,0.23234699666500092,0.24162499606609344,0.21369799971580505,0.22857500612735748,31345
2021-10-22,0.22857500612735748,0.2405640035867691,0.2005240023136139,0.22294500470161438,16012
2021-10-23,0.22294799983501434,0.2516529858112335,0.20739400386810303,0.21883000433444977,18786
2021-10-24,0.21882300078868866,0.23988500237464905,0.21252499520778656,0.21602100133895874,26709
2021-10-25,0.21600699424743652,0.23345300555229187,0.19408999383449554,0.20406100153923035,26635
2021-10-26,0.20406700670719147,0.20566299557685852,0.18045799434185028,0.18201200664043427,16572
2021-10-27,0.18202799558639526,0.196710005402565,0.16330599784851074,0.1739940047264099,8947
2021-10-28,0.1739870011806488,0.18388299643993378,0.15799899399280548,0.169063001871109,23498
2021-10-29,0.16907300055027008,0.18531499803066254,0.1555429995059967,0.17167499661445618,33971
2021-10-30,0.17167800664901733,0.18636900186538696,0.15143799781799316,0.17510099709033966,36952
2021-10-31,0.17511500418186188,0.20907999575138092,0.15449899435043335,0.18849800527095795,42528
2021-11-01,0.18848900496959686,0.19465799629688263,0.17061099410057068,0.1827320009469986,36358
2021-11-02,0.18271400034427643,0.1942330002784729,0.1717810034751892,0.17995500564575195,34704
2021-11-03,0.1799589991569519,0.2118069976568222,0.17076200246810913,0.2053080052137375,38360
2021-11-04,0.2053070068359375,0.21044400334358215,0.17198799550533295,0.19153699278831482,31870
2021-11-05,0.19152100384235382,0.21062499284744263,0.17636799812316895,0.18600699305534363,31667
2021-11-06,0.18599799275398254,0.21246999502182007,0.17225700616836548,0.19279800355434418,34687
2021-11-07,0.1928129941225052,0.2099429965019226,0.17318500578403473,0.1818459928035736,36950
2021-11-08,0.18184900283813477,0.20070399343967438,0.17756600677967072,0.19020900130271912,41824
2021-11-09,0.19020399451255798,0.20124900341033936,0.1831659972667694,0.1890850067138672,41953
2021-11-10,0.1890999972820282,0.2164890021085739,0.17988699674606323,0.20366400480270386,39422
2021-11-11,0.20365400612354279,0.2116280049085617,0.18490800261497498,0.2022480070590973,42405
2021-11-12,0.20199300348758698,0.2082120031118393,0.18904100358486176,0.19408999383449554,42739
2021-11-13,0.1943269968032837,0.2075130045413971,0.19329099357128143,0.20052100718021393,37997
2021-11-14,0.2005070000886917,0.20642100274562836,0.19045400619506836,0.1939059942960739,36735
2021-11-15,0.19394400715827942,0.2218800038099289,0.18818299472332,0.2001810073852539,43588
2021-11-16,0.20048999786376953,0.21182599663734436,0.18934999406337738,0.1969970017671585,39762
2021-11-17,0.1969660073518753,0.2075349986553192,0.17734800279140472,0.1923619955778122,30620
2021-11-18,0.1923390030860901,0.19999299943447113,0.18845799565315247,0.19154499471187592,43271
2021-11-19,0.19152399897575378,0.1977269947528839,0.17719000577926636,0.18228599429130554,43449
2021-11-20,0.18227000534534454,0.19391900300979614,0.16623200476169586,0.16991299390792847,34652
2021-11-21,0.17002099752426147,0.1706559956073761,0.1443839967250824,0.16034699976444244,18842
2021-11-22,0.16028599441051483,0.3301520049571991,0.1340309977531433,0.15029500424861908,78917
2021-11-23,0.15028800070285797,0.17669899761676788,0.1425749957561493,0.14758700132369995,38474
2021-11-24,0.14757399260997772,0.1644199937582016,0.1395920068025589,0.14926600456237793,34404
2021-11-25,0.14328399300575256,0.1538279950618744,0.13197000324726105,0.14121200144290924,12088
2021-11-26,0.14994099736213684,0.1550460010766983,0.12656499445438385,0.1340939998626709,21964
2021-11-27,0.13407599925994873,0.15827900171279907,0.12432300299406052,0.13641700148582458,32581
2021-11-28,0.13637499511241913,0.13712100684642792,0.12705500423908234,0.12896999716758728,17213
2021-11-29,0.12895099818706512,0.16326700150966644,0.12774400413036346,0.1479559987783432,18275
2021-11-30,0.1479160040616989,0.1556060016155243,0.1133430004119873,0.14900299906730652,15048
2021-12-01,0.14898300170898438,0.15270200371742249,0.1111460030078888,0.14061400294303894,28233
2021-12-02,0.14061300456523895,0.15919199585914612,0.11296699941158295,0.14404800534248352,27736
2021-12-03,0.14417800307273865,0.15716099739074707,0.12206199765205383,0.13717499375343323,39605
2021-12-04,0.1371680051088333,0.15342800319194794,0.11431200057268143,0.13331399857997894,53097
2021-12-05,0.13330399990081787,0.14280499517917633,0.11860699951648712,0.12940900027751923,47740
2021-12-06,0.1294270008802414,0.14213800430297852,0.10876999795436859,0.1366180032491684,38995
2021-12-07,0.13667599856853485,0.1505970060825348,0.11292599886655807,0.12784700095653534,25929
2021-12-08,0.1278419941663742,0.13071699440479279,0.11527100205421448,0.11959099769592285,35279
2021-12-09,0.11945900321006775,0.13259199261665344,0.11504200100898743,0.12257499992847443,17528
2021-12-10,0.12262199819087982,0.13374899327754974,0.1029060035943985,0.1138250008225441,18336
2021-12-11,0.11381399631500244,0.13464799523353577,0.10096900165081024,0.11036299914121628,13886
2021-12-12,0.11035100370645523,0.14704599976539612,0.1009100005030632,0.12547500431537628,46856
2021-12-13,0.1255359947681427,0.1400739997625351,0.10124900192022324,0.1097320020198822,20875
2021-12-14,0.10973100364208221,0.14426100254058838,0.10045000165700912,0.11647900193929672,18546
2021-12-15,0.1427599936723709,0.1595029979944229,0.12165799736976624,0.1259240061044693,32993
2021-12-16,0.12592299282550812,0.1445620059967041,0.12104500085115433,0.12893199920654297,24631
2021-12-17,0.12895099818706512,0.14477699995040894,0.12890300154685974,0.1400890052318573,25118
2021-12-18,0.14016899466514587,0.144119992852211,0.12584100663661957,0.13320299983024597,29107
2021-12-19,0.1331859976053238,0.14522099494934082,0.13002100586891174,0.1450349986553192,21237
2021-12-20,0.14499300718307495,0.1577170044183731,0.13090699911117554,0.13689300417900085,34162
2021-12-21,0.13690200448036194,0.14212700724601746,0.13033899664878845,0.1408730000257492,23469
2021-12-22,0.1408900022506714,0.14153599739074707,0.12908799946308136,0.13500399887561798,29025
2021-12-23,0.1349940001964569,0.14305900037288666,0.13140200078487396,0.14122700691223145,14039
2021-12-24,0.14124399423599243,0.14207999408245087,0.12848000228405,0.13236400485038757,6353
2021-12-25,0.13236600160598755,0.13523699343204498,0.12493299692869186,0.12527799606323242,7353
2021-12-26,0.12528499960899353,0.12955400347709656,0.11932100355625153,0.12597699463367462,4170
2021-12-27,0.12595899403095245,0.1265539973974228,0.1205340027809143,0.12442000210285187,4406
2021-12-28,0.1244560033082962,0.16710500419139862,0.12265300005674362,0.1269029974937439,6407
2021-12-29,0.12688399851322174,0.1268949955701828,0.11461000144481659,0.1201850026845932,5468
2021-12-30,0.12019199877977371,0.1246199980378151,0.11979400366544724,0.12461300194263458,3474
2021-12-31,0.12462099641561508,0.12742400169372559,0.12000899761915207,0.12522399425506592,3499
2022-01-01,0.12521199882030487,0.12539400160312653,0.12001500278711319,0.12116099894046783,3891
2022-01-02,0.12116000056266785,0.12127000093460083,0.11893799901008606,0.12095600366592407,946
2022-01-03,0.12095499783754349,0.1225380003452301,0.12011200189590454,0.12241999804973602,2606
2022-01-04,0.12241999804973602,0.14734800159931183,0.10590700060129166,0.1104229986667633,5283
2022-01-05,0.1104229986667633,0.12482199817895889,0.11029999703168869,0.12221500277519226,3151
2022-01-06,0.12221500277519226,0.12367399781942368,0.1171019971370697,0.12232399731874466,1307
2022-01-07,0.12232500314712524,0.122919000685215,0.11800000071525574,0.1184300035238266,1859
2022-01-08,0.11843100190162659,0.12104099988937378,0.11700200289487839,0.12011200189590454,1752
2022-01-09,0.12011200189590454,0.12701599299907684,0.11821900308132172,0.12514600157737732,2197
2022-01-10,0.12514500319957733,0.12643200159072876,0.11872400343418121,0.1257230043411255,3043
2022-01-11,0.1257230043411255,0.1266220062971115,0.1204729974269867,0.12119399756193161,1860
2022-01-12,0.1211950033903122,0.13403600454330444,0.11808300018310547,0.13334299623966217,2065
2022-01-13,0.13334299623966217,0.13417500257492065,0.12634800374507904,0.12825199961662292,9472
2022-01-14,0.1282529979944229,0.13948200643062592,0.11909300088882446,0.12417399883270264,10385
2022-01-15,0.12417600303888321,0.14277899265289307,0.11635199934244156,0.12216199934482574,10667
2022-01-16,0.1221729964017868,0.24288100004196167,0.11655300110578537,0.1737699955701828,28578
2022-01-17,0.17377300560474396,0.20698100328445435,0.12085700035095215,0.1286740005016327,18729
2022-01-18,0.12867200374603271,0.13140200078487396,0.12256400287151337,0.12290000170469284,4610
2022-01-19,0.12289900332689285,0.1264999955892563,0.12191800028085709,0.12439099699258804,3228
2022-01-20,0.12438900023698807,0.1287280023097992,0.1172889992594719,0.11785899847745895,3154
2022-01-21,0.11785800009965897,0.11876200139522552,0.1110529974102974,0.11105599999427795,3388
2022-01-22,0.11105599999427795,0.11128699779510498,0.10247600078582764,0.10247600078582764,2086
2022-01-23,0.10247600078582764,0.10406000167131424,0.09898799657821655,0.10079000145196915,4437
2022-01-24,0.10079099982976913,0.10227599740028381,0.09063400328159332,0.09163200110197067,2068
2022-01-25,0.09163200110197067,0.09253399819135666,0.0881820023059845,0.08922000229358673,2024
2022-01-26,0.08921899646520615,0.11118000000715256,0.08513899892568588,0.0867139995098114,2480
2022-01-27,0.0867139995098114,0.09667199850082397,0.08229199796915054,0.08233000338077545,3700
2022-01-28,0.08233000338077545,0.08921899646520615,0.0805009976029396,0.08124600350856781,2418
2022-01-29,0.08124600350856781,0.08753299713134766,0.0770220011472702,0.07732900232076645,2230
2022-01-30,0.07733699679374695,0.07994099706411362,0.07480400055646896,0.07607699930667877,1582
2022-01-31,0.07607699930667877,0.07835599780082703,0.07253599911928177,0.07655999809503555,562
2022-02-01,0.07656099647283554,0.09730300307273865,0.07081600278615952,0.07550200074911118,1120
2022-02-02,0.07550200074911118,0.08631300181150436,0.07218799740076065,0.0823649987578392,1276
2022-02-03,0.0823649987578392,0.08296400308609009,0.07252500206232071,0.07993099838495255,1805
2022-02-04,0.07993199676275253,0.08125799894332886,0.07129000127315521,0.07200799882411957,2225
2022-02-05,0.07200799882411957,0.08359900116920471,0.07200799882411957,0.0784590020775795,1497
2022-02-06,0.07845800369977951,0.08693700283765793,0.07522899657487869,0.08345100283622742,1444
2022-02-07,0.08345100283622742,0.09847000241279602,0.07291100174188614,0.07540900260210037,2477
2022-02-08,0.07540900260210037,0.08694999665021896,0.07540400326251984,0.08087799698114395,2946
2022-02-09,0.08087699860334396,0.08134900033473969,0.06660400331020355,0.08093799650669098,4470
2022-02-10,0.08093699812889099,0.08094199746847153,0.07363100349903107,0.07959900051355362,2770
2022-02-11,0.07959999889135361,0.09075599908828735,0.07800199836492538,0.08562900125980377,6974
2022-02-12,0.08562900125980377,0.08880600333213806,0.07829599827528,0.07851900160312653,3258
2022-02-13,0.07851900160312653,0.08633299916982651,0.07258299738168716,0.07405500113964081,2133
2022-02-14,0.07405400276184082,0.08511299639940262,0.0669580027461052,0.07987099885940552,3779
2022-02-15,0.07987099885940552,0.08033499866724014,0.07695300132036209,0.07765299826860428,3942
2022-02-16,0.07765399664640427,0.07991199940443039,0.07322999835014343,0.07898099720478058,6321
2022-02-17,0.07898099720478058,0.07928100228309631,0.07429300248622894,0.07712499797344208,525
2022-02-18,0.07712399959564209,0.07744599878787994,0.064130999147892,0.06686200201511383,4716
2022-02-19,0.06686100363731384,0.06771499663591385,0.06506100296974182,0.06507299840450287,3693
2022-02-20,0.06507299840450287,0.06507299840450287,0.061170000582933426,0.061271000653505325,5719
2022-02-21,0.061271000653505325,0.07029800117015839,0.060479000210762024,0.06970799714326859,3837
2022-02-22,0.06970500200986862,0.06971800327301025,0.06393100321292877,0.06393100321292877,10355
2022-02-23,0.06393200159072876,0.0684719979763031,0.06372100114822388,0.06626400351524353,4428
2022-02-24,0.06626900285482407,0.06715399771928787,0.0615679994225502,0.06166199967265129,8264
2022-02-25,0.06166300177574158,0.06885000318288803,0.061223000288009644,0.06205600127577782,7592
2022-02-26,0.062056999653577805,0.06985100358724594,0.062056999653577805,0.06725600361824036,8546
2022-02-27,0.06725600361824036,0.06747099757194519,0.06471999734640121,0.06482400000095367,6511
2022-02-28,0.06482499837875366,0.06646899878978729,0.059870000928640366,0.059974998235702515,7948
2022-03-01,0.0599760003387928,0.06917499750852585,0.059317998588085175,0.06634300202131271,10962
2022-03-02,0.06634300202131271,0.06663499772548676,0.0628959983587265,0.0637580007314682,5299
2022-03-03,0.0637580007314682,0.06892000138759613,0.0634320005774498,0.0681999996304512,9119
2022-03-04,0.0681999996304512,0.06976599991321564,0.06681899726390839,0.0683320015668869,23326
2022-03-05,0.0683320015668869,0.06899499893188477,0.05672600120306015,0.06111999973654747,26898
2022-03-06,0.06111999973654747,0.06520599871873856,0.06037599965929985,0.0643789991736412,26192
2022-03-07,0.06437999755144119,0.06502500176429749,0.06424299627542496,0.06453000009059906,10974
2022-03-08,0.06452800333499908,0.06518000364303589,0.0633469969034195,0.06461299955844879,5659
2022-03-09,0.06461299955844879,0.06613899767398834,0.06355699896812439,0.0636729970574379,6677
2022-03-10,0.06367199867963791,0.06494300067424774,0.06342600286006927,0.06406400352716446,5242
2022-03-11,0.06406500190496445,0.06593500077724457,0.061820998787879944,0.06334400177001953,5461
2022-03-12,0.06334500014781952,0.06531299650669098,0.05728999897837639,0.057291001081466675,4817
2022-03-13,0.0572890006005764,0.06641100347042084,0.05699700117111206,0.0653270035982132,4898
2022-03-14,0.06532599776983261,0.06638500094413757,0.06360600143671036,0.06429799646139145,8751
2022-03-15,0.06429799646139145,0.06439699977636337,0.06203300133347511,0.06381099671125412,7899
2022-03-16,0.06381099671125412,0.06390800327062607,0.05936200171709061,0.06232900172472,5423
2022-03-17,0.062327999621629715,0.06812900304794312,0.062320999801158905,0.06609400361776352,7974
2022-03-18,0.06609299778938293,0.0691479966044426,0.06455200165510178,0.06471800059080124,5166
2022-03-19,0.06471899896860123,0.08501999825239182,0.06471800059080124,0.08267399668693542,6956
2022-03-20,0.08267399668693542,0.08934599906206131,0.07952799648046494,0.07994499802589417,9509
2022-03-21,0.07994399964809418,0.08534099906682968,0.07994399964809418,0.08334100246429443,5217
2022-03-22,0.08334100246429443,0.09032999724149704,0.079864002764225,0.08572500199079514,9757
2022-03-23,0.08572600036859512,0.09221599996089935,0.08379899710416794,0.08765000104904175,6950
2022-03-24,0.0876540020108223,0.10105700045824051,0.08138400316238403,0.09675800055265427,22185
2022-03-25,0.09675899893045425,0.10169000178575516,0.09517499804496765,0.10100000351667404,14506
2022-03-26,0.10100200027227402,0.1283079981803894,0.08250299841165543,0.0872419998049736,9716
2022-03-27,0.0872419998049736,0.08737599849700928,0.07817800343036652,0.07836700230836868,8970
2022-03-28,0.0783659964799881,0.08840599656105042,0.07777900248765945,0.08374299854040146,6200
2022-03-29,0.08374200016260147,0.08621799945831299,0.07807599753141403,0.08452600240707397,10097
2022-03-30,0.0845239982008934,0.09508699923753738,0.07954200357198715,0.0843769982457161,14142
2022-03-31,0.08437599986791611,0.0890979990363121,0.06413300335407257,0.0714230015873909,16330
2022-04-01,0.0714230015873909,0.07864399999380112,0.067842997610569,0.07635500282049179,6637
2022-04-02,0.07635600119829178,0.07840599864721298,0.06389299780130386,0.06600800156593323,11574
2022-04-03,0.06600800156593323,0.06989400088787079,0.06377600133419037,0.06379099935293198,6895
2022-04-04,0.06379099935293198,0.06800899654626846,0.0590130016207695,0.06637000292539597,262
2022-04-05,0.06637000292539597,0.06835699826478958,0.06317800283432007,0.068340003490448,1054
2022-04-06,0.068340003490448,0.068340003490448,0.06281299889087677,0.06380400061607361,88659
2022-04-07,0.06380400061607361,0.06495700031518936,0.05926800146698952,0.059737998992204666,112008
2022-04-08,0.059737998992204666,0.0648220032453537,0.0596189983189106,0.06062399968504906,233020
2022-04-09,0.06062300130724907,0.06482499837875366,0.057326000183820724,0.05824099853634834,193925
2022-04-10,0.058240000158548355,0.06300699710845947,0.04443399980664253,0.06194800138473511,175421
2022-04-11,0.061948999762535095,0.06224299967288971,0.04499400034546852,0.06067299842834473,47838
2022-04-12,0.06067299842834473,0.06070299819111824,0.05317800119519234,0.05680900067090988,55569
2022-04-13,0.05680900067090988,0.060141999274492264,0.0479389987885952,0.05331199988722801,202445
2022-04-14,0.05331199988722801,0.06072099879384041,0.05150900036096573,0.060499999672174454,135675
2022-04-15,0.060499999672174454,0.06329900026321411,0.055291999131441116,0.05529699847102165,75640
2022-04-16,0.05529699847102165,0.06257899850606918,0.051500000059604645,0.055716000497341156,75668
2022-04-17,0.055716000497341156,0.05751800164580345,0.05049699917435646,0.05049699917435646,75549
2022-04-18,0.05049800127744675,0.056001000106334686,0.05000000074505806,0.055977001786231995,99083
2022-04-19,0.055977001786231995,0.0625469982624054,0.04698900133371353,0.06181899830698967,34073
2022-04-20,0.06181899830698967,0.061820998787879944,0.047162000089883804,0.0586870014667511,102200
2022-04-21,0.0586870014667511,0.059999000281095505,0.05100400000810623,0.05810200050473213,95245
2022-04-22,0.058100998401641846,0.060674998909235,0.04730499908328056,0.04732099920511246,150844
2022-04-23,0.04732000082731247,0.05968200042843819,0.04702699929475784,0.055684998631477356,31703
2022-04-24,0.05568400025367737,0.06097299978137016,0.05393199995160103,0.06007400155067444,138704
2022-04-25,0.06007400155067444,0.06087600067257881,0.04720599949359894,0.05897900089621544,39793
2022-04-26,0.05897799879312515,0.07771500200033188,0.04570100083947182,0.045722998678684235,41880
2022-04-27,0.04572200030088425,0.06916499882936478,0.04507900029420853,0.04537900164723396,35365
2022-04-28,0.04537900164723396,0.06495899707078934,0.04052399843931198,0.041384000331163406,48322
2022-04-29,0.041384998708963394,0.05548299849033356,0.04125399887561798,0.053752999752759933,52339
2022-04-30,0.053752001374959946,0.05531100183725357,0.042479999363422394,0.046188000589609146,399229
2022-05-01,0.04618699848651886,0.04771300032734871,0.04410500079393387,0.04490499943494797,307784
2022-05-02,0.04490400105714798,0.04490400105714798,0.0377580001950264,0.04301200062036514,88550
2022-05-03,0.04301099851727486,0.04301099851727486,0.02958500012755394,0.03319999948143959,36196
2022-05-04,0.0331990011036396,0.034880999475717545,0.03203999996185303,0.03245000168681145,29214
2022-05-05,0.03245000168681145,0.034182000905275345,0.03179199993610382,0.03357800096273422,85828
2022-05-06,0.03357899934053421,0.034928999841213226,0.0310210008174181,0.031021999195218086,110612
2022-05-07,0.0310210008174181,0.03217500075697899,0.026606999337673187,0.02914999984204769,74035
2022-05-08,0.02914999984204769,0.02964000031352043,0.02608500048518181,0.027535000815987587,68747
2022-05-09,0.027535000815987587,0.029093999415636063,0.022809000685811043,0.02420100010931492,77624
2022-05-10,0.024202000349760056,0.036990001797676086,0.020524000748991966,0.023785000666975975,69120
2022-05-11,0.023785000666975975,0.0237869992852211,0.02030700072646141,0.021736999973654747,116248
2022-05-12,0.021738000214099884,0.021897999569773674,0.01597600057721138,0.01958799920976162,71614
2022-05-13,0.019587000831961632,0.02114200033247471,0.014879999682307243,0.014879999682307243,37816
2022-05-14,0.014879999682307243,0.014886000193655491,0.013976000249385834,0.014453999698162079,103
2022-05-15,0.014453999698162079,0.02339000068604946,0.012997999787330627,0.013003000058233738,1390
2022-05-16,0.013003000058233738,0.02689399942755699,0.010250999592244625,0.010251999832689762,5368
2022-05-17,0.010251999832689762,0.027427999302744865,0.01018999982625246,0.013973000459372997,101
2022-05-18,0.013973000459372997,0.01586499996483326,0.012683999724686146,0.015053000301122665,263
2022-05-19,0.015052000060677528,0.02268199995160103,0.010382000356912613,0.01626499928534031,13238
2022-05-20,0.01626499928534031,0.017345000058412552,0.015580999664962292,0.01707799918949604,18697
2022-05-21,0.017078999429941177,0.021486999467015266,0.01590600050985813,0.02130899950861931,5720
2022-05-22,0.02130899950861931,0.022732999175786972,0.018225999549031258,0.021111000329256058,41358
2022-05-23,0.021111000329256058,0.022053999826312065,0.019432000815868378,0.021337000653147697,24045
2022-05-24,0.02133600041270256,0.022064000368118286,0.020980000495910645,0.021663999184966087,32714
2022-05-25,0.0216630008071661,0.021872999146580696,0.01829800009727478,0.021870000287890434,41504
2022-05-26,0.021870000287890434,0.023152999579906464,0.0193719994276762,0.02085700072348118,41781
2022-05-27,0.02085700072348118,0.02086699940264225,0.016491999849677086,0.017379000782966614,15210
2022-05-28,0.017480000853538513,0.01748500019311905,0.015185000374913216,0.015985000878572464,28551
2022-05-29,0.015985000878572464,0.016088999807834625,0.01598300039768219,0.015987999737262726,35058
2022-05-30,0.015988999977707863,0.017224999144673347,0.015294999815523624,0.01672999933362007,36476
2022-05-31,0.01672999933362007,0.017976000905036926,0.01506900042295456,0.01789199933409691,33950
2022-06-01,0.01789199933409691,0.017991000786423683,0.017587000504136086,0.017886999994516373,26909
2022-06-02,0.017885999754071236,0.017889000475406647,0.017486000433564186,0.017487000674009323,24218
2022-06-03,0.017487000674009323,0.017489999532699585,0.013988000340759754,0.01439599972218275,30144
2022-06-04,0.01439599972218275,0.01739799976348877,0.013996000401675701,0.01737700030207634,40050
2022-06-05,0.01737700030207634,0.017700999975204468,0.01623300090432167,0.017201999202370644,24809
2022-06-06,0.017201999202370644,0.017301000654697418,0.015389000065624714,0.015887999907135963,32805
2022-06-07,0.015886999666690826,0.01634100079536438,0.01514699961990118,0.015623999759554863,25071
2022-06-08,0.015623999759554863,0.01870499923825264,0.015448000282049179,0.01687300018966198,18417
2022-06-09,0.01687300018966198,0.0168869998306036,0.014251000247895718,0.01447600033134222,31042
2022-06-10,0.014476999640464783,0.0163199994713068,0.012513999827206135,0.016287999227643013,17876
2022-06-11,0.016287999227643013,0.017017999663949013,0.015165000222623348,0.016555000096559525,296
2022-06-12,0.016555000096559525,0.01655600033700466,0.011490999720990658,0.011890999972820282,35674
2022-06-13,0.011890999972820282,0.017382999882102013,0.0032079999800771475,0.015602000057697296,25351
2022-06-14,0.015602000057697296,0.01560600008815527,0.013043999671936035,0.01380200032144785,23668
2022-06-15,0.01380200032144785,0.016560999676585197,0.013073000125586987,0.013384000398218632,21586
2022-06-16,0.013384000398218632,0.013384999707341194,0.009019999764859676,0.011025000363588333,12725
2022-06-17,0.011025000363588333,0.015665000304579735,0.010917999781668186,0.014964999631047249,27087
2022-06-18,0.014964999631047249,0.01522899977862835,0.009848999790847301,0.010301000438630581,35285
2022-06-19,0.010301000438630581,0.017405999824404716,0.01017600018531084,0.012500000186264515,34165
2022-06-20,0.012498999945819378,0.016061000525951385,0.011788999661803246,0.013491000048816204,38632
2022-06-21,0.013491000048816204,0.014286999590694904,0.010103000327944756,0.012792999856173992,26067
2022-06-22,0.012792999856173992,0.06554199755191803,0.012791999615728855,0.057677000761032104,174874
2022-06-23,0.057677000761032104,0.10423299670219421,0.028947999700903893,0.03928099945187569,839822
2022-06-24,0.03928099945187569,0.060593001544475555,0.0269399993121624,0.02848999947309494,392646
2022-06-25,0.02848999947309494,0.03561500087380409,0.020208999514579773,0.024282999336719513,558332
2022-06-26,0.024282999336719513,0.027489999309182167,0.019432999193668365,0.021761000156402588,534873
2022-06-27,0.021762000396847725,0.022947000339627266,0.019650999456644058,0.02140199951827526,431744
2022-06-28,0.02140199951827526,0.023553000763058662,0.018619000911712646,0.02253199927508831,325671
2022-06-29,0.02253199927508831,0.02395400032401085,0.019850999116897583,0.022904999554157257,4381389
2022-06-30,0.022904999554157257,0.02401299960911274,0.019982000812888145,0.02042499929666519,8806800
2022-07-01,0.02042599953711033,0.022579999640583992,0.020138999447226524,0.020447000861167908,669560
2022-07-02,0.020447000861167908,0.020531000569462776,0.017753999680280685,0.01806800067424774,799177
2022-07-03,0.01806800067424774,0.018383000046014786,0.015953000634908676,0.01626100018620491,562364
2022-07-04,0.01626100018620491,0.017402000725269318,0.011369000189006329,0.011389000341296196,728379
2022-07-05,0.011389000341296196,0.012059000320732594,0.010824999772012234,0.011270999908447266,662855
2022-07-06,0.011270999908447266,0.013956000097095966,0.011064000427722931,0.01242200005799532,643390
2022-07-07,0.01242200005799532,0.01242200005799532,0.011749000288546085,0.011800999753177166,540354
2022-07-08,0.011800999753177166,0.012664999812841415,0.01141900010406971,0.012419999577105045,701210
2022-07-09,0.012419999577105045,0.012706000357866287,0.012133000418543816,0.012360000051558018,835253
2022-07-10,0.012360000051558018,0.012763000093400478,0.010610000230371952,0.01180300023406744,713467
2022-07-11,0.011801999993622303,0.011850999668240547,0.010364999994635582,0.011231999844312668,675115
2022-07-12,0.011231999844312668,0.011843999847769737,0.010168000124394894,0.010490999557077885,683215
2022-07-13,0.010490999557077885,0.0110470000654459,0.0102530000731349,0.010551000013947487,664410
2022-07-14,0.010551000013947487,0.01079300045967102,0.01016400009393692,0.010335000231862068,671103
2022-07-15,0.010333999991416931,0.010462000034749508,0.009682999923825264,0.0096859997138381,511594
2022-07-16,0.0096859997138381,0.010475999675691128,0.009657000191509724,0.01040900032967329,662888
2022-07-17,0.01040900032967329,0.01054800022393465,0.009153000079095364,0.00936300028115511,568406
2022-07-18,0.00936300028115511,0.0106819998472929,0.009320000186562538,0.00977499969303608,534118
2022-07-19,0.00977499969303608,0.01053600013256073,0.009707000106573105,0.010191000066697598,404677
2022-07-20,0.010191000066697598,0.010777999646961689,0.009417000226676464,0.009434999898076057,355034
2022-07-21,0.009434999898076057,0.009492999874055386,0.009190999902784824,0.009204000234603882,720796
2022-07-22,0.009204000234603882,0.01065600011497736,0.009200000204145908,0.010525000281631947,1201119
2022-07-23,0.010525000281631947,0.010816999711096287,0.010453999973833561,0.010587000288069248,1224294
2022-07-24,0.010587000288069248,0.010755999945104122,0.010466000065207481,0.010557999834418297,585741
2022-07-25,0.010557999834418297,0.010629000142216682,0.010018999688327312,0.010254000313580036,609152
2022-07-26,0.010254000313580036,0.010583999566733837,0.010254000313580036,0.010463000275194645,670475
2022-07-27,0.010463000275194645,0.011075000278651714,0.010232999920845032,0.011020000092685223,738033
2022-07-28,0.011020000092685223,0.011071999557316303,0.010848999954760075,0.010881000198423862,701908
2022-07-29,0.010881000198423862,0.012482999823987484,0.010861000046133995,0.01242899987846613,670568
2022-07-30,0.01242899987846613,0.013333000242710114,0.012387000024318695,0.013175999745726585,730518
2022-07-31,0.013175999745726585,0.013511000201106071,0.012928999960422516,0.013226999901235104,789558
2022-08-01,0.013226999901235104,0.014001999981701374,0.013132000342011452,0.01399299968034029,833158
2022-08-02,0.01399299968034029,0.014001999981701374,0.013570000417530537,0.013620000332593918,836052
2022-08-03,0.013620000332593918,0.013934999704360962,0.01281999982893467,0.012875000014901161,818091
2022-08-04,0.012875000014901161,0.01345400046557188,0.012841000221669674,0.013358999975025654,749771
2022-08-05,0.013358999975025654,0.01357400044798851,0.013237000443041325,0.013388000428676605,666066
2022-08-06,0.013388000428676605,0.013543999753892422,0.013213999569416046,0.01329100038856268,388371
2022-08-07,0.01329100038856268,0.0135690001770854,0.01319899968802929,0.013280999846756458,412788
2022-08-08,0.013282000087201595,0.013744000345468521,0.01317800022661686,0.013605000451207161,438543
2022-08-09,0.013605000451207161,0.013744000345468521,0.013404999859631062,0.013492999598383904,404659
2022-08-10,0.013492999598383904,0.013770000077784061,0.01345099974423647,0.013712000101804733,419685
2022-08-11,0.013712000101804733,0.014143000356853008,0.013233000412583351,0.014031000435352325,504656
2022-08-12,0.014030000194907188,0.01435799989849329,0.013919999822974205,0.01422400027513504,452460
2022-08-13,0.01422400027513504,0.01435799989849329,0.014023999683558941,0.014113999903202057,440022
2022-08-14,0.014113999903202057,0.014693999662995338,0.014108000323176384,0.01420699991285801,468562
2022-08-15,0.01420699991285801,0.014423999935388565,0.014038999564945698,0.0142000000923872,460200
2022-08-16,0.0142000000923872,0.014464999549090862,0.014076000079512596,0.014356999658048153,490907
2022-08-17,0.014356999658048153,0.014545000158250332,0.014227000065147877,0.014396999962627888,416709
2022-08-18,0.014396999962627888,0.014894000254571438,0.014379000291228294,0.014391000382602215,445755
2022-08-19,0.014390000142157078,0.01457200013101101,0.014100999571383,0.014186999760568142,430489
2022-08-20,0.014186999760568142,0.014491000212728977,0.013907999731600285,0.014127000235021114,231717
2022-08-21,0.014127000235021114,0.01448499970138073,0.013996999710798264,0.014286999590694904,235289
2022-08-22,0.014286999590694904,0.014492999762296677,0.013836000114679337,0.014387000352144241,219579
2022-08-23,0.014387000352144241,0.014553000219166279,0.014239000156521797,0.014274000190198421,230393
2022-08-24,0.014274000190198421,0.014537000097334385,0.014240000396966934,0.014499999582767487,225643
2022-08-25,0.014499999582767487,0.014569999650120735,0.014119000174105167,0.014216000214219093,225112
2022-08-26,0.014216000214219093,0.014322999864816666,0.014101999811828136,0.014201999641954899,208490
2022-08-27,0.014201999641954899,0.014279000461101532,0.014116000384092331,0.014264999888837337,216841
2022-08-28,0.014264999888837337,0.014285000041127205,0.013345999643206596,0.013411000370979309,215153
2022-08-29,0.013411000370979309,0.0134680001065135,0.013307999819517136,0.013408999890089035,205591
2022-08-30,0.013408999890089035,0.013465000316500664,0.013198000378906727,0.013434000313282013,204203
2022-08-31,0.013434000313282013,0.013577999547123909,0.013271999545395374,0.013415999710559845,186775
2022-09-01,0.013415999710559845,0.013528999872505665,0.01305299997329712,0.013112000189721584,236461
2022-09-02,0.013112000189721584,0.013380000367760658,0.012990999966859818,0.013178999535739422,246035
2022-09-03,0.013178999535739422,0.013352000154554844,0.013004000298678875,0.01309799961745739,233961
2022-09-04,0.01309799961745739,0.01345400046557188,0.013055999763309956,0.013410000130534172,207166
2022-09-05,0.013410000130534172,0.013464000076055527,0.013224000111222267,0.013252000324428082,218655
2022-09-06,0.013252000324428082,0.013496999628841877,0.013148999772965908,0.013174000196158886,239374
2022-09-07,0.013172999955713749,0.013438999652862549,0.013132999651134014,0.01331700012087822,236640
2022-09-08,0.01331700012087822,0.01343000028282404,0.01312199980020523,0.013278000056743622,225378
2022-09-09,0.013278000056743622,0.013403999619185925,0.012907999567687511,0.01298299990594387,202121
2022-09-10,0.01298299990594387,0.013143000192940235,0.012744000181555748,0.012906000018119812,197492
2022-09-11,0.012906000018119812,0.012973000295460224,0.01278000045567751,0.012865999713540077,164435
2022-09-12,0.012865999713540077,0.013024999760091305,0.012357000261545181,0.012508000247180462,214721
2022-09-13,0.012507000006735325,0.012639000080525875,0.012126999907195568,0.012384999543428421,279389
2022-09-14,0.012236000038683414,0.012640000320971012,0.012152999639511108,0.012515000067651272,227817
2022-09-15,0.012515000067651272,0.012555000372231007,0.012037999927997589,0.012349000200629234,173984
2022-09-16,0.012349000200629234,0.012707999907433987,0.012304999865591526,0.012516000308096409,202875
2022-09-17,0.012516000308096409,0.0129380002617836,0.012469000183045864,0.012791999615728855,157256
2022-09-18,0.012791999615728855,0.012972000055015087,0.012140000239014626,0.012263000011444092,239726
2022-09-19,0.012263000011444092,0.01255900040268898,0.011990999802947044,0.012256000190973282,237889
2022-09-20,0.012256000190973282,0.01261799968779087,0.012024999596178532,0.012217000126838684,232077
2022-09-21,0.012217000126838684,0.01256099995225668,0.01170899998396635,0.011897999793291092,248057
2022-09-22,0.011897999793291092,0.012583999894559383,0.011711999773979187,0.012484000064432621,197702
2022-09-23,0.012484000064432621,0.013040999881923199,0.012457000091671944,0.012899000197649002,145816
2022-09-24,0.012899000197649002,0.013044999912381172,0.012810000218451023,0.012853000313043594,132346
2022-09-25,0.012853000313043594,0.013042000122368336,0.012810000218451023,0.012839999981224537,137144
2022-09-26,0.012839999981224537,0.013042000122368336,0.01268099993467331,0.012865000404417515,134097
2022-09-27,0.012865000404417515,0.012943999841809273,0.012679999694228172,0.01286999974399805,0
2022-09-28,0.01286999974399805,0.012870999984443188,0.012869000434875488,0.01286999974399805,0
2022-09-29,0.01286999974399805,0.012870999984443188,0.01140000019222498,0.011401000432670116,0
2022-09-30,0.011401000432670116,0.011401999741792679,0.01140000019222498,0.011401000432670116,0
2022-10-01,0.011401000432670116,0.011401000432670116,0.011398999951779842,0.01140000019222498,0
2022-10-02,0.011401000432670116,0.011401000432670116,0.011398999951779842,0.011401000432670116,0
2022-10-03,0.011401000432670116,0.011401000432670116,0.011401000432670116,0.011401000432670116,0
2022-10-04,0.011401000432670116,0.011401000432670116,0.011401000432670116,0.011401000432670116,0
2022-10-05,0.011401000432670116,0.011401000432670116,0.011401000432670116,0.011401000432670116,0
2022-10-06,0.011401000432670116,0.011401000432670116,0.011401000432670116,0.011401000432670116,0
2022-10-07,0.011401000432670116,0.011567999608814716,0.011401000432670116,0.011555000208318233,0
2022-10-08,0.011555000208318233,0.01156499981880188,0.01153900008648634,0.01155100017786026,0
2022-10-09,0.01155299972742796,0.011556999757885933,0.01155299972742796,0.011556999757885933,0
